{"stats":{"minecraft:killed_by":{"minecraft:vindicator":6,"minecraft:skeleton":1,"minecraft:zombie":1},"minecraft:killed":{"minecraft:evoker":1,"minecraft:vindicator":1,"minecraft:spider":1,"minecraft:tadpole":1,"minecraft:skeleton":14,"minecraft:chicken":2,"minecraft:pig":3,"minecraft:zombie_villager":1,"minecraft:salmon":1,"minecraft:iron_golem":2,"minecraft:creeper":3,"minecraft:sheep":22,"minecraft:zombie":18,"minecraft:villager":1},"minecraft:custom":{"minecraft:interact_with_smithing_table":1,"minecraft:mob_kills":72,"minecraft:interact_with_crafting_table":60,"minecraft:leave_game":8,"minecraft:time_since_death":128108,"minecraft:climb_one_cm":1369,"minecraft:sprint_one_cm":741689,"minecraft:walk_one_cm":481181,"minecraft:damage_blocked_by_shield":4633,"minecraft:drop":42,"minecraft:talked_to_villager":93,"minecraft:play_time":228671,"minecraft:deaths":8,"minecraft:sneak_time":20032,"minecraft:walk_under_water_one_cm":38083,"minecraft:boat_one_cm":139277,"minecraft:jump":4733,"minecraft:interact_with_blast_furnace":7,"minecraft:walk_on_water_one_cm":46849,"minecraft:total_world_time":228671,"minecraft:interact_with_furnace":116,"minecraft:traded_with_villager":100,"minecraft:sleep_in_bed":6,"minecraft:time_since_rest":106348,"minecraft:damage_taken":5509,"minecraft:damage_dealt":13364,"minecraft:swim_one_cm":86330,"minecraft:fly_one_cm":856272,"minecraft:open_chest":214,"minecraft:crouch_one_cm":63156,"minecraft:interact_with_smoker":4,"minecraft:fall_one_cm":96303},"minecraft:mined":{"minecraft:red_carpet":3,"minecraft:deepslate_diamond_ore":16,"minecraft:sculk_vein":24,"minecraft:dark_oak_log":13,"minecraft:carved_pumpkin":1,"minecraft:spruce_trapdoor":3,"minecraft:glow_lichen":1,"minecraft:granite":1,"minecraft:grass_block":10,"minecraft:spruce_leaves":27,"minecraft:composter":2,"minecraft:sandstone":15,"minecraft:sculk_catalyst":1,"minecraft:furnace":6,"minecraft:fire":28,"minecraft:iron_ore":52,"minecraft:cobbled_deepslate":1,"minecraft:andesite":2,"minecraft:gray_wall_banner":1,"minecraft:pumpkin":6,"minecraft:fletching_table":2,"minecraft:deepslate_lapis_ore":7,"minecraft:rail":1,"minecraft:potatoes":8,"minecraft:bookshelf":48,"minecraft:pointed_dripstone":3,"minecraft:deepslate_iron_ore":7,"minecraft:stone":294,"minecraft:spruce_slab":1,"minecraft:brown_mushroom":1,"minecraft:glass_pane":1,"minecraft:smoker":1,"minecraft:crafting_table":18,"minecraft:torch":1,"minecraft:short_grass":3,"minecraft:blast_furnace":15,"minecraft:chest":12,"minecraft:dead_bush":1,"minecraft:sculk_sensor":1,"minecraft:glass":4,"minecraft:cobblestone":40,"minecraft:copper_ore":5,"minecraft:grindstone":1,"minecraft:deepslate_gold_ore":9,"minecraft:lapis_ore":12,"minecraft:sugar_cane":13,"minecraft:oak_planks":5,"minecraft:damaged_anvil":1,"minecraft:sculk":231,"minecraft:wall_torch":2,"minecraft:purple_bed":11,"minecraft:birch_planks":1,"minecraft:birch_log":10,"minecraft:sweet_berry_bush":57,"minecraft:spruce_log":188,"minecraft:birch_leaves":2,"minecraft:oak_log":35,"minecraft:coal_ore":42,"minecraft:sand":67,"minecraft:dripstone_block":1,"minecraft:gravel":45,"minecraft:dirt":62,"minecraft:oak_leaves":1,"minecraft:fern":9,"minecraft:deepslate":16},"minecraft:picked_up":{"minecraft:crafting_table":17,"minecraft:iron_chestplate":2,"minecraft:chicken":2,"minecraft:brown_mushroom":3,"minecraft:shield":2,"minecraft:string":3,"minecraft:iron_axe":2,"minecraft:raw_copper":20,"minecraft:iron_leggings":2,"minecraft:white_carpet":7,"minecraft:cobbled_deepslate":21,"minecraft:poppy":2,"minecraft:spruce_slab":1,"minecraft:chest":14,"minecraft:sugar_cane":43,"minecraft:spruce_trapdoor":3,"minecraft:furnace":6,"minecraft:iron_boots":2,"minecraft:stick":5,"minecraft:raw_iron":147,"minecraft:composter":2,"minecraft:torch":9,"minecraft:porkchop":4,"minecraft:pointed_dripstone":9,"minecraft:dark_oak_planks":21,"minecraft:diamond_chestplate":1,"minecraft:stone_sword":3,"minecraft:arrow":20,"minecraft:rotten_flesh":20,"minecraft:carved_pumpkin":1,"minecraft:totem_of_undying":2,"minecraft:mutton":34,"minecraft:rail":1,"minecraft:cobblestone":347,"minecraft:white_wool":22,"minecraft:birch_log":10,"minecraft:feather":3,"minecraft:andesite":2,"minecraft:water_bucket":1,"minecraft:glow_ink_sac":3,"minecraft:salmon":1,"minecraft:potato":21,"minecraft:birch_planks":15,"minecraft:flint":1,"minecraft:oak_log":30,"minecraft:gunpowder":2,"minecraft:lapis_lazuli":125,"minecraft:dirt":84,"minecraft:glass":5,"minecraft:red_carpet":26,"minecraft:bone":13,"minecraft:bow":5,"minecraft:raw_gold":17,"minecraft:grindstone":1,"minecraft:iron_ingot":14,"minecraft:fletching_table":2,"minecraft:diamond_helmet":2,"minecraft:oak_planks":5,"minecraft:book":400,"minecraft:pumpkin":5,"minecraft:sweet_berries":123,"minecraft:dripstone_block":1,"minecraft:gravel":52,"minecraft:sand":31,"minecraft:spruce_sapling":12,"minecraft:blast_furnace":15,"minecraft:spruce_log":186,"minecraft:dark_oak_log":13,"minecraft:spider_eye":1,"minecraft:purple_bed":10,"minecraft:diamond":49,"minecraft:spruce_boat":4,"minecraft:gray_banner":1,"minecraft:iron_helmet":2,"minecraft:granite":1,"minecraft:emerald":2,"minecraft:damaged_anvil":1,"minecraft:coal":136,"minecraft:diamond_pickaxe":2},"minecraft:crafted":{"minecraft:oak_planks":48,"minecraft:cobblestone_slab":6,"minecraft:birch_boat":1,"minecraft:furnace":2,"minecraft:lever":1,"minecraft:bone_meal":9,"minecraft:cooked_mutton":28,"minecraft:flint_and_steel":1,"minecraft:glass":3,"minecraft:diamond_helmet":1,"minecraft:iron_boots":1,"minecraft:iron_axe":22,"minecraft:iron_hoe":1,"minecraft:stone_pickaxe":2,"minecraft:chest":2,"minecraft:spruce_boat":2,"minecraft:rail":16,"minecraft:dark_oak_planks":36,"minecraft:smoker":1,"minecraft:emerald":60,"minecraft:cooked_porkchop":4,"minecraft:crafting_table":7,"minecraft:spruce_planks":728,"minecraft:wooden_pickaxe":2,"minecraft:iron_helmet":1,"minecraft:iron_sword":1,"minecraft:bucket":1,"minecraft:birch_planks":40,"minecraft:stone_axe":12,"minecraft:bread":36,"minecraft:air":0,"minecraft:iron_chestplate":1,"minecraft:diamond_pickaxe":1,"minecraft:shield":2,"minecraft:stick":1324,"minecraft:iron_ingot":107,"minecraft:iron_pickaxe":4,"minecraft:stone_sword":2,"minecraft:iron_shovel":1,"minecraft:iron_leggings":1,"minecraft:white_bed":1,"minecraft:torch":24,"minecraft:diamond_chestplate":1},"minecraft:broken":{"minecraft:stone_pickaxe":1,"minecraft:shield":1,"minecraft:iron_pickaxe":1,"minecraft:iron_hoe":1},"minecraft:used":{"minecraft:stone_sword":152,"minecraft:iron_shovel":64,"minecraft:flint_and_steel":19,"minecraft:spruce_slab":1,"minecraft:chest":8,"minecraft:shield":71,"minecraft:iron_sword":71,"minecraft:rotten_flesh":4,"minecraft:iron_chestplate":1,"minecraft:torch":14,"minecraft:dirt":68,"minecraft:mutton":2,"minecraft:granite":1,"minecraft:obsidian":10,"minecraft:glass":5,"minecraft:spruce_boat":3,"minecraft:iron_hoe":250,"minecraft:dark_oak_planks":23,"minecraft:iron_axe":311,"minecraft:iron_helmet":1,"minecraft:bow":3,"minecraft:sweet_berries":69,"minecraft:furnace":7,"minecraft:potato":35,"minecraft:cobbled_deepslate":7,"minecraft:iron_leggings":1,"minecraft:cooked_mutton":28,"minecraft:water_bucket":90,"minecraft:stone_pickaxe":168,"minecraft:oak_planks":4,"minecraft:wooden_pickaxe":53,"minecraft:birch_boat":1,"minecraft:composter":2,"minecraft:cobblestone_slab":4,"minecraft:fletching_table":2,"minecraft:white_wool":3,"minecraft:rail":3,"minecraft:crafting_table":21,"minecraft:blast_furnace":15,"minecraft:white_bed":1,"minecraft:smoker":1,"minecraft:spruce_log":4,"minecraft:diamond_pickaxe":78,"minecraft:bread":11,"minecraft:iron_pickaxe":309,"minecraft:spruce_trapdoor":6,"minecraft:gravel":43,"minecraft:stone_axe":115,"minecraft:purple_bed":10,"minecraft:cobblestone":120,"minecraft:grindstone":2,"minecraft:cooked_porkchop":4,"minecraft:bucket":90,"minecraft:bone_meal":9},"minecraft:dropped":{"minecraft:iron_ingot":6,"minecraft:birch_planks":6,"minecraft:brown_mushroom":1,"minecraft:dripstone_block":1,"minecraft:cobblestone":64,"minecraft:red_carpet":7,"minecraft:stick":3,"minecraft:dirt":1,"minecraft:torch":5,"minecraft:mutton":2,"minecraft:sand":7,"minecraft:string":1,"minecraft:stone_axe":1,"minecraft:sugar_cane":19,"minecraft:stone_sword":3,"minecraft:cobbled_deepslate":14,"minecraft:raw_iron":86,"minecraft:pointed_dripstone":9,"minecraft:white_carpet":2,"minecraft:chicken":2,"minecraft:rotten_flesh":10,"minecraft:enchanted_golden_apple":1,"minecraft:poppy":2,"minecraft:andesite":2,"minecraft:spider_eye":1,"minecraft:bow":4,"minecraft:wooden_pickaxe":1,"minecraft:arrow":16,"minecraft:raw_gold":8}},"DataVersion":4082}