{"stats":{"minecraft:killed_by":{"minecraft:vindicator":6,"minecraft:skeleton":1,"minecraft:zombie":1},"minecraft:killed":{"minecraft:evoker":1,"minecraft:vindicator":1,"minecraft:spider":2,"minecraft:tadpole":1,"minecraft:skeleton":29,"minecraft:chicken":2,"minecraft:pig":3,"minecraft:zombie_villager":1,"minecraft:salmon":1,"minecraft:iron_golem":2,"minecraft:creeper":3,"minecraft:sheep":22,"minecraft:zombie":27,"minecraft:stray":1,"minecraft:villager":1},"minecraft:custom":{"minecraft:interact_with_smithing_table":1,"minecraft:mob_kills":99,"minecraft:open_barrel":1,"minecraft:interact_with_crafting_table":61,"minecraft:leave_game":8,"minecraft:time_since_death":164108,"minecraft:climb_one_cm":4100,"minecraft:sprint_one_cm":850357,"minecraft:walk_one_cm":591800,"minecraft:damage_blocked_by_shield":6088,"minecraft:drop":69,"minecraft:talked_to_villager":137,"minecraft:play_time":264671,"minecraft:deaths":8,"minecraft:sneak_time":22570,"minecraft:walk_under_water_one_cm":41823,"minecraft:boat_one_cm":139277,"minecraft:jump":5128,"minecraft:interact_with_blast_furnace":7,"minecraft:walk_on_water_one_cm":51012,"minecraft:total_world_time":264671,"minecraft:interact_with_furnace":127,"minecraft:traded_with_villager":120,"minecraft:sleep_in_bed":9,"minecraft:time_since_rest":1228,"minecraft:damage_taken":6852,"minecraft:damage_dealt":18806,"minecraft:player_kills":1,"minecraft:swim_one_cm":91072,"minecraft:fly_one_cm":897521,"minecraft:open_chest":273,"minecraft:crouch_one_cm":71110,"minecraft:interact_with_smoker":4,"minecraft:fall_one_cm":101212,"minecraft:inspect_dispenser":4},"minecraft:mined":{"minecraft:red_carpet":3,"minecraft:spruce_planks":1,"minecraft:deepslate_diamond_ore":16,"minecraft:sculk_vein":24,"minecraft:dark_oak_log":13,"minecraft:carved_pumpkin":1,"minecraft:spruce_trapdoor":3,"minecraft:glow_lichen":1,"minecraft:granite":1,"minecraft:grass_block":10,"minecraft:decorated_pot":6,"minecraft:spruce_leaves":34,"minecraft:hopper":1,"minecraft:composter":2,"minecraft:sandstone":15,"minecraft:sculk_catalyst":1,"minecraft:furnace":6,"minecraft:waxed_copper_grate":2,"minecraft:fire":28,"minecraft:iron_ore":52,"minecraft:cobbled_deepslate":1,"minecraft:andesite":2,"minecraft:gray_wall_banner":1,"minecraft:pumpkin":6,"minecraft:fletching_table":2,"minecraft:deepslate_lapis_ore":7,"minecraft:rail":1,"minecraft:potatoes":8,"minecraft:bookshelf":48,"minecraft:pointed_dripstone":3,"minecraft:deepslate_iron_ore":7,"minecraft:stone":294,"minecraft:spruce_slab":1,"minecraft:brown_mushroom":1,"minecraft:glass_pane":1,"minecraft:smoker":1,"minecraft:powder_snow":16,"minecraft:crafting_table":18,"minecraft:torch":1,"minecraft:short_grass":3,"minecraft:blast_furnace":15,"minecraft:chest":12,"minecraft:dead_bush":1,"minecraft:sculk_sensor":1,"minecraft:glass":4,"minecraft:cobblestone":43,"minecraft:copper_ore":5,"minecraft:grindstone":1,"minecraft:deepslate_gold_ore":9,"minecraft:lapis_ore":12,"minecraft:sugar_cane":13,"minecraft:oak_planks":5,"minecraft:damaged_anvil":1,"minecraft:sculk":231,"minecraft:wall_torch":2,"minecraft:purple_bed":15,"minecraft:birch_planks":1,"minecraft:waxed_oxidized_copper_grate":1,"minecraft:birch_log":10,"minecraft:sweet_berry_bush":57,"minecraft:spruce_log":299,"minecraft:birch_leaves":2,"minecraft:oak_log":35,"minecraft:coal_ore":42,"minecraft:sand":67,"minecraft:dripstone_block":1,"minecraft:gravel":51,"minecraft:dirt":62,"minecraft:oak_leaves":1,"minecraft:fern":9,"minecraft:deepslate":16},"minecraft:picked_up":{"minecraft:crafting_table":17,"minecraft:iron_chestplate":2,"minecraft:chicken":2,"minecraft:brown_mushroom":3,"minecraft:brick":26,"minecraft:shield":4,"minecraft:string":5,"minecraft:iron_axe":2,"minecraft:raw_copper":20,"minecraft:iron_leggings":2,"minecraft:white_carpet":7,"minecraft:cobbled_deepslate":21,"minecraft:spruce_planks":1,"minecraft:trial_key":4,"minecraft:guster_pottery_sherd":2,"minecraft:iron_pickaxe":2,"minecraft:poppy":4,"minecraft:spruce_slab":1,"minecraft:chest":14,"minecraft:sugar_cane":43,"minecraft:spruce_trapdoor":3,"minecraft:furnace":6,"minecraft:iron_boots":3,"minecraft:tipped_arrow":6,"minecraft:stick":5,"minecraft:raw_iron":147,"minecraft:composter":2,"minecraft:torch":9,"minecraft:porkchop":4,"minecraft:flow_pottery_sherd":1,"minecraft:waxed_copper_grate":1,"minecraft:pointed_dripstone":9,"minecraft:carrot":1,"minecraft:dark_oak_planks":21,"minecraft:diamond_chestplate":1,"minecraft:stone_sword":3,"minecraft:arrow":52,"minecraft:rotten_flesh":36,"minecraft:carved_pumpkin":1,"minecraft:totem_of_undying":2,"minecraft:snowball":5,"minecraft:mutton":34,"minecraft:rail":1,"minecraft:cobblestone":474,"minecraft:white_wool":22,"minecraft:birch_log":10,"minecraft:feather":3,"minecraft:andesite":2,"minecraft:water_bucket":1,"minecraft:glow_ink_sac":3,"minecraft:salmon":1,"minecraft:potato":21,"minecraft:birch_planks":15,"minecraft:flint":2,"minecraft:oak_log":30,"minecraft:golden_boots":1,"minecraft:gunpowder":2,"minecraft:lapis_lazuli":125,"minecraft:dirt":84,"minecraft:glass":5,"minecraft:red_carpet":26,"minecraft:bone":34,"minecraft:bow":6,"minecraft:cooked_chicken":1,"minecraft:raw_gold":17,"minecraft:grindstone":1,"minecraft:iron_ingot":19,"minecraft:scrape_pottery_sherd":1,"minecraft:fletching_table":2,"minecraft:diamond_helmet":2,"minecraft:iron_sword":1,"minecraft:oak_planks":5,"minecraft:book":400,"minecraft:pumpkin":5,"minecraft:sweet_berries":123,"minecraft:dripstone_block":1,"minecraft:gravel":56,"minecraft:sand":31,"minecraft:polished_tuff":1,"minecraft:spruce_sapling":14,"minecraft:blast_furnace":15,"minecraft:barrel":3,"minecraft:spruce_log":297,"minecraft:dark_oak_log":13,"minecraft:spider_eye":2,"minecraft:purple_bed":14,"minecraft:diamond":49,"minecraft:spruce_boat":4,"minecraft:gray_banner":1,"minecraft:waxed_oxidized_copper_grate":1,"minecraft:iron_helmet":3,"minecraft:diamond_axe":1,"minecraft:granite":1,"minecraft:bread":59,"minecraft:emerald":8,"minecraft:baked_potato":32,"minecraft:damaged_anvil":1,"minecraft:coal":136,"minecraft:diamond_pickaxe":2},"minecraft:crafted":{"minecraft:oak_planks":48,"minecraft:cobblestone_slab":6,"minecraft:birch_boat":1,"minecraft:furnace":2,"minecraft:lever":1,"minecraft:bone_meal":39,"minecraft:cooked_mutton":28,"minecraft:flint_and_steel":1,"minecraft:glass":3,"minecraft:diamond_helmet":1,"minecraft:iron_boots":2,"minecraft:iron_axe":22,"minecraft:iron_hoe":1,"minecraft:stone_pickaxe":2,"minecraft:chest":2,"minecraft:spruce_boat":2,"minecraft:rail":16,"minecraft:dark_oak_planks":36,"minecraft:smoker":1,"minecraft:emerald":79,"minecraft:cooked_porkchop":4,"minecraft:crafting_table":7,"minecraft:spruce_planks":1172,"minecraft:wooden_pickaxe":2,"minecraft:iron_helmet":1,"minecraft:iron_sword":1,"minecraft:fletching_table":1,"minecraft:bucket":1,"minecraft:birch_planks":40,"minecraft:stone_axe":12,"minecraft:bread":36,"minecraft:air":0,"minecraft:iron_chestplate":1,"minecraft:diamond_pickaxe":1,"minecraft:shield":2,"minecraft:stick":1836,"minecraft:iron_ingot":132,"minecraft:iron_pickaxe":4,"minecraft:stone_sword":2,"minecraft:iron_shovel":1,"minecraft:iron_leggings":1,"minecraft:white_bed":1,"minecraft:torch":24,"minecraft:diamond_chestplate":1},"minecraft:broken":{"minecraft:stone_pickaxe":1,"minecraft:shield":2,"minecraft:iron_pickaxe":1,"minecraft:iron_hoe":1},"minecraft:used":{"minecraft:stone_sword":152,"minecraft:iron_shovel":78,"minecraft:flint_and_steel":19,"minecraft:spruce_slab":1,"minecraft:spruce_planks":49,"minecraft:chest":8,"minecraft:shield":95,"minecraft:iron_sword":187,"minecraft:rotten_flesh":4,"minecraft:trial_key":1,"minecraft:iron_chestplate":1,"minecraft:torch":14,"minecraft:dirt":68,"minecraft:mutton":2,"minecraft:granite":1,"minecraft:obsidian":10,"minecraft:glass":5,"minecraft:spruce_boat":3,"minecraft:iron_hoe":250,"minecraft:dark_oak_planks":23,"minecraft:iron_axe":429,"minecraft:iron_helmet":1,"minecraft:bow":3,"minecraft:sweet_berries":69,"minecraft:furnace":7,"minecraft:potato":35,"minecraft:cobbled_deepslate":7,"minecraft:iron_leggings":1,"minecraft:cooked_mutton":28,"minecraft:water_bucket":113,"minecraft:baked_potato":11,"minecraft:stone_pickaxe":168,"minecraft:oak_planks":4,"minecraft:wooden_pickaxe":53,"minecraft:birch_boat":1,"minecraft:composter":2,"minecraft:cobblestone_slab":4,"minecraft:fletching_table":3,"minecraft:white_wool":3,"minecraft:rail":3,"minecraft:crafting_table":21,"minecraft:blast_furnace":15,"minecraft:white_bed":1,"minecraft:smoker":1,"minecraft:spruce_log":4,"minecraft:diamond_pickaxe":78,"minecraft:bread":24,"minecraft:iron_pickaxe":316,"minecraft:spruce_trapdoor":6,"minecraft:spruce_sapling":4,"minecraft:gravel":49,"minecraft:stone_axe":115,"minecraft:purple_bed":14,"minecraft:cobblestone":123,"minecraft:grindstone":2,"minecraft:cooked_porkchop":4,"minecraft:bucket":114,"minecraft:bone_meal":15},"minecraft:dropped":{"minecraft:guster_pottery_sherd":1,"minecraft:bread":59,"minecraft:iron_ingot":7,"minecraft:iron_sword":1,"minecraft:birch_planks":6,"minecraft:brown_mushroom":1,"minecraft:diamond_axe":1,"minecraft:baked_potato":14,"minecraft:dripstone_block":1,"minecraft:iron_helmet":1,"minecraft:cobblestone":188,"minecraft:polished_tuff":1,"minecraft:emerald":15,"minecraft:red_carpet":7,"minecraft:stick":3,"minecraft:dirt":1,"minecraft:torch":5,"minecraft:scrape_pottery_sherd":1,"minecraft:mutton":2,"minecraft:sand":7,"minecraft:iron_pickaxe":2,"minecraft:string":1,"minecraft:bone":8,"minecraft:stone_axe":1,"minecraft:sugar_cane":19,"minecraft:flow_pottery_sherd":1,"minecraft:stone_sword":3,"minecraft:cobbled_deepslate":14,"minecraft:raw_iron":86,"minecraft:pointed_dripstone":9,"minecraft:white_carpet":2,"minecraft:chicken":2,"minecraft:rotten_flesh":11,"minecraft:iron_boots":1,"minecraft:enchanted_golden_apple":1,"minecraft:poppy":2,"minecraft:spruce_planks":51,"minecraft:andesite":2,"minecraft:barrel":3,"minecraft:spider_eye":1,"minecraft:bow":4,"minecraft:wooden_pickaxe":1,"minecraft:arrow":18,"minecraft:raw_gold":8,"minecraft:brick":24,"minecraft:waxed_oxidized_copper_grate":1}},"DataVersion":4082}