{"stats":{"minecraft:killed_by":{"minecraft:vindicator":6,"minecraft:zombie":1,"minecraft:skeleton":3},"minecraft:killed":{"minecraft:spider":2,"minecraft:tadpole":1,"minecraft:skeleton":48,"minecraft:chicken":2,"minecraft:silverfish":28,"minecraft:pig":3,"minecraft:zombie_villager":1,"minecraft:salmon":1,"minecraft:iron_golem":2,"minecraft:creeper":3,"minecraft:sheep":22,"minecraft:zombie":32,"minecraft:stray":1,"minecraft:evoker":1,"minecraft:vindicator":1,"minecraft:breeze":4,"minecraft:villager":1},"minecraft:custom":{"minecraft:interact_with_crafting_table":63,"minecraft:open_barrel":1,"minecraft:leave_game":8,"minecraft:time_since_death":5508,"minecraft:sprint_one_cm":994131,"minecraft:damage_blocked_by_shield":8428,"minecraft:drop":97,"minecraft:talked_to_villager":138,"minecraft:play_time":300671,"minecraft:deaths":10,"minecraft:jump":5735,"minecraft:walk_on_water_one_cm":58240,"minecraft:interact_with_furnace":127,"minecraft:traded_with_villager":120,"minecraft:sleep_in_bed":9,"minecraft:damage_dealt":25390,"minecraft:player_kills":1,"minecraft:crouch_one_cm":79999,"minecraft:interact_with_smoker":4,"minecraft:inspect_dispenser":11,"minecraft:interact_with_smithing_table":1,"minecraft:mob_kills":155,"minecraft:climb_one_cm":6799,"minecraft:walk_one_cm":687100,"minecraft:sneak_time":26307,"minecraft:walk_under_water_one_cm":47280,"minecraft:boat_one_cm":139277,"minecraft:interact_with_blast_furnace":7,"minecraft:total_world_time":300671,"minecraft:time_since_rest":5558,"minecraft:damage_taken":9131,"minecraft:fly_one_cm":991192,"minecraft:swim_one_cm":98268,"minecraft:open_chest":292,"minecraft:fall_one_cm":116712},"minecraft:mined":{"minecraft:spruce_planks":1,"minecraft:sculk_vein":24,"minecraft:carved_pumpkin":1,"minecraft:spruce_trapdoor":3,"minecraft:granite":1,"minecraft:grass_block":10,"minecraft:chiseled_tuff_bricks":2,"minecraft:composter":2,"minecraft:hopper":1,"minecraft:tuff_bricks":14,"minecraft:sculk_catalyst":1,"minecraft:cobbled_deepslate":1,"minecraft:iron_ore":52,"minecraft:fire":28,"minecraft:polished_tuff":1,"minecraft:pumpkin":6,"minecraft:deepslate_lapis_ore":7,"minecraft:fletching_table":2,"minecraft:pointed_dripstone":3,"minecraft:spruce_slab":1,"minecraft:brown_mushroom":1,"minecraft:smoker":1,"minecraft:powder_snow":16,"minecraft:torch":1,"minecraft:blast_furnace":15,"minecraft:chest":12,"minecraft:dead_bush":1,"minecraft:glass":4,"minecraft:cobblestone":43,"minecraft:oak_planks":5,"minecraft:sugar_cane":13,"minecraft:grindstone":1,"minecraft:damaged_anvil":1,"minecraft:wall_torch":2,"minecraft:red_candle":1,"minecraft:birch_log":10,"minecraft:waxed_copper_block":9,"minecraft:oak_log":35,"minecraft:sand":67,"minecraft:dirt":62,"minecraft:oak_leaves":1,"minecraft:deepslate":16,"minecraft:red_carpet":3,"minecraft:deepslate_diamond_ore":16,"minecraft:dark_oak_log":13,"minecraft:glow_lichen":1,"minecraft:decorated_pot":7,"minecraft:spruce_leaves":34,"minecraft:sandstone":15,"minecraft:oxidized_cut_copper":1,"minecraft:furnace":6,"minecraft:waxed_copper_grate":4,"minecraft:gray_wall_banner":1,"minecraft:andesite":2,"minecraft:chiseled_tuff":1,"minecraft:bookshelf":48,"minecraft:potatoes":8,"minecraft:deepslate_iron_ore":7,"minecraft:rail":1,"minecraft:waxed_weathered_copper_bulb":1,"minecraft:stone":294,"minecraft:glass_pane":1,"minecraft:crafting_table":18,"minecraft:short_grass":3,"minecraft:sculk_sensor":1,"minecraft:copper_ore":5,"minecraft:red_glazed_terracotta":1,"minecraft:lapis_ore":12,"minecraft:deepslate_gold_ore":9,"minecraft:sculk":231,"minecraft:birch_planks":1,"minecraft:purple_bed":15,"minecraft:waxed_oxidized_copper_grate":1,"minecraft:sweet_berry_bush":57,"minecraft:birch_leaves":2,"minecraft:spruce_log":305,"minecraft:coal_ore":42,"minecraft:gravel":51,"minecraft:dripstone_block":1,"minecraft:cobweb":2,"minecraft:fern":9},"minecraft:picked_up":{"minecraft:iron_chestplate":3,"minecraft:potion":3,"minecraft:enchanted_book":4,"minecraft:string":16,"minecraft:raw_copper":20,"minecraft:iron_leggings":3,"minecraft:cobbled_deepslate":21,"minecraft:spruce_planks":1,"minecraft:trial_key":6,"minecraft:iron_pickaxe":3,"minecraft:iron_boots":3,"minecraft:furnace":6,"minecraft:tipped_arrow":29,"minecraft:stick":8,"minecraft:composter":2,"minecraft:torch":9,"minecraft:porkchop":4,"minecraft:waxed_weathered_copper_bulb":2,"minecraft:pointed_dripstone":9,"minecraft:waxed_copper_grate":3,"minecraft:stone_sword":3,"minecraft:honey_bottle":2,"minecraft:rotten_flesh":42,"minecraft:tropical_fish":1,"minecraft:carved_pumpkin":1,"minecraft:snowball":5,"minecraft:cobblestone":485,"minecraft:birch_log":10,"minecraft:cooked_beef":7,"minecraft:feather":3,"minecraft:water_bucket":1,"minecraft:andesite":2,"minecraft:potato":21,"minecraft:flint":2,"minecraft:lapis_lazuli":125,"minecraft:dirt":84,"minecraft:name_tag":1,"minecraft:bone":50,"minecraft:glass":5,"minecraft:bow":7,"minecraft:raw_gold":17,"minecraft:grindstone":1,"minecraft:bolt_armor_trim_smithing_template":1,"minecraft:fletching_table":2,"minecraft:diamond_helmet":2,"minecraft:oak_planks":5,"minecraft:scrape_pottery_sherd":1,"minecraft:sand":31,"minecraft:dark_oak_log":13,"minecraft:barrel":3,"minecraft:diamond":50,"minecraft:spruce_boat":4,"minecraft:waxed_oxidized_copper_grate":1,"minecraft:granite":1,"minecraft:breeze_rod":21,"minecraft:emerald":22,"minecraft:bread":74,"minecraft:ominous_trial_key":1,"minecraft:diamond_pickaxe":2,"minecraft:crafting_table":18,"minecraft:ominous_bottle":1,"minecraft:chicken":2,"minecraft:brown_mushroom":3,"minecraft:shield":5,"minecraft:brick":49,"minecraft:wind_charge":44,"minecraft:iron_axe":2,"minecraft:white_carpet":7,"minecraft:chiseled_tuff":1,"minecraft:poppy":4,"minecraft:spruce_slab":1,"minecraft:guster_pottery_sherd":4,"minecraft:sugar_cane":43,"minecraft:chest":14,"minecraft:spruce_trapdoor":3,"minecraft:raw_iron":149,"minecraft:fire_charge":17,"minecraft:flow_pottery_sherd":1,"minecraft:carrot":1,"minecraft:dark_oak_planks":21,"minecraft:arrow":119,"minecraft:diamond_chestplate":2,"minecraft:flow_armor_trim_smithing_template":1,"minecraft:totem_of_undying":2,"minecraft:tuff_bricks":24,"minecraft:mutton":34,"minecraft:white_wool":22,"minecraft:rail":1,"minecraft:glow_ink_sac":3,"minecraft:salmon":1,"minecraft:red_glazed_terracotta":1,"minecraft:birch_planks":15,"minecraft:oak_log":30,"minecraft:waxed_copper_block":11,"minecraft:golden_boots":1,"minecraft:gunpowder":5,"minecraft:red_carpet":26,"minecraft:iron_ingot":27,"minecraft:polished_tuff_slab":1,"minecraft:cooked_chicken":1,"minecraft:glass_bottle":1,"minecraft:oxidized_cut_copper":1,"minecraft:iron_sword":1,"minecraft:book":400,"minecraft:scaffolding":3,"minecraft:pumpkin":5,"minecraft:sweet_berries":123,"minecraft:dripstone_block":1,"minecraft:gravel":56,"minecraft:spruce_sapling":14,"minecraft:blast_furnace":15,"minecraft:spruce_log":302,"minecraft:spider_eye":2,"minecraft:polished_tuff":2,"minecraft:purple_bed":14,"minecraft:gray_banner":1,"minecraft:iron_helmet":3,"minecraft:diamond_axe":2,"minecraft:baked_potato":34,"minecraft:damaged_anvil":1,"minecraft:coal":136,"minecraft:chiseled_tuff_bricks":4,"minecraft:ender_pearl":4},"minecraft:crafted":{"minecraft:oak_planks":48,"minecraft:cobblestone_slab":6,"minecraft:birch_boat":1,"minecraft:lever":1,"minecraft:cooked_mutton":28,"minecraft:glass":3,"minecraft:diamond_helmet":1,"minecraft:iron_boots":3,"minecraft:chest":2,"minecraft:rail":16,"minecraft:smoker":1,"minecraft:emerald":79,"minecraft:cooked_porkchop":4,"minecraft:crafting_table":8,"minecraft:spruce_planks":1172,"minecraft:wooden_pickaxe":2,"minecraft:iron_helmet":1,"minecraft:fletching_table":1,"minecraft:birch_planks":40,"minecraft:iron_chestplate":1,"minecraft:diamond_pickaxe":1,"minecraft:shield":2,"minecraft:stick":1840,"minecraft:iron_pickaxe":4,"minecraft:iron_ingot":132,"minecraft:stone_sword":2,"minecraft:furnace":2,"minecraft:bone_meal":63,"minecraft:flint_and_steel":1,"minecraft:iron_axe":22,"minecraft:iron_hoe":1,"minecraft:stone_pickaxe":2,"minecraft:spruce_boat":2,"minecraft:dark_oak_planks":36,"minecraft:iron_sword":2,"minecraft:bucket":1,"minecraft:stone_axe":12,"minecraft:bread":36,"minecraft:air":0,"minecraft:iron_shovel":1,"minecraft:iron_leggings":1,"minecraft:white_bed":1,"minecraft:torch":24,"minecraft:diamond_chestplate":1},"minecraft:broken":{"minecraft:iron_boots":1,"minecraft:iron_leggings":1,"minecraft:stone_pickaxe":1,"minecraft:iron_sword":1,"minecraft:iron_hoe":1,"minecraft:shield":2,"minecraft:iron_pickaxe":1},"minecraft:used":{"minecraft:tuff_bricks":12,"minecraft:iron_shovel":78,"minecraft:spruce_slab":1,"minecraft:chest":8,"minecraft:shield":139,"minecraft:iron_sword":324,"minecraft:rotten_flesh":4,"minecraft:iron_chestplate":1,"minecraft:mutton":2,"minecraft:obsidian":10,"minecraft:spruce_boat":3,"minecraft:glass":5,"minecraft:iron_helmet":1,"minecraft:bow":3,"minecraft:ominous_bottle":1,"minecraft:sweet_berries":69,"minecraft:furnace":7,"minecraft:potato":35,"minecraft:stone_pickaxe":168,"minecraft:oak_planks":4,"minecraft:wooden_pickaxe":53,"minecraft:composter":2,"minecraft:diamond_axe":6,"minecraft:white_wool":3,"minecraft:blast_furnace":15,"minecraft:bread":46,"minecraft:gravel":49,"minecraft:grindstone":2,"minecraft:bone_meal":15,"minecraft:stone_sword":152,"minecraft:flint_and_steel":19,"minecraft:spruce_planks":75,"minecraft:trial_key":6,"minecraft:torch":14,"minecraft:dirt":68,"minecraft:granite":1,"minecraft:iron_hoe":250,"minecraft:dark_oak_planks":23,"minecraft:iron_axe":429,"minecraft:diamond_chestplate":2,"minecraft:cooked_beef":2,"minecraft:cobbled_deepslate":7,"minecraft:iron_leggings":1,"minecraft:cooked_mutton":28,"minecraft:water_bucket":162,"minecraft:baked_potato":19,"minecraft:birch_boat":1,"minecraft:fletching_table":3,"minecraft:cobblestone_slab":4,"minecraft:rail":3,"minecraft:crafting_table":22,"minecraft:white_bed":1,"minecraft:spruce_log":4,"minecraft:smoker":1,"minecraft:diamond_pickaxe":85,"minecraft:ominous_trial_key":1,"minecraft:iron_pickaxe":341,"minecraft:spruce_trapdoor":6,"minecraft:spruce_sapling":4,"minecraft:stone_axe":115,"minecraft:cobblestone":123,"minecraft:potion":1,"minecraft:purple_bed":14,"minecraft:cooked_porkchop":4,"minecraft:bucket":163},"minecraft:dropped":{"minecraft:guster_pottery_sherd":4,"minecraft:iron_sword":1,"minecraft:brown_mushroom":1,"minecraft:birch_planks":6,"minecraft:diamond_axe":1,"minecraft:baked_potato":14,"minecraft:glass_bottle":1,"minecraft:red_carpet":7,"minecraft:emerald":15,"minecraft:dirt":1,"minecraft:mutton":2,"minecraft:scrape_pottery_sherd":1,"minecraft:snowball":5,"minecraft:sand":7,"minecraft:iron_pickaxe":2,"minecraft:bone":8,"minecraft:stone_axe":1,"minecraft:sugar_cane":19,"minecraft:chiseled_tuff_bricks":4,"minecraft:cobbled_deepslate":14,"minecraft:pointed_dripstone":9,"minecraft:rotten_flesh":32,"minecraft:enchanted_golden_apple":1,"minecraft:waxed_copper_block":11,"minecraft:poppy":2,"minecraft:tipped_arrow":9,"minecraft:lingering_potion":1,"minecraft:chiseled_tuff":1,"minecraft:arrow":18,"minecraft:scaffolding":3,"minecraft:enchanted_book":1,"minecraft:golden_boots":1,"minecraft:iron_ingot":7,"minecraft:bread":59,"minecraft:dripstone_block":1,"minecraft:oxidized_cut_copper":1,"minecraft:iron_helmet":1,"minecraft:cobblestone":199,"minecraft:waxed_copper_grate":3,"minecraft:polished_tuff":1,"minecraft:stick":9,"minecraft:torch":5,"minecraft:waxed_weathered_copper_bulb":2,"minecraft:string":1,"minecraft:flow_pottery_sherd":1,"minecraft:stone_sword":3,"minecraft:polished_tuff_slab":1,"minecraft:raw_iron":86,"minecraft:chicken":2,"minecraft:white_carpet":2,"minecraft:iron_boots":1,"minecraft:spruce_planks":51,"minecraft:andesite":2,"minecraft:spider_eye":1,"minecraft:barrel":3,"minecraft:bow":6,"minecraft:wooden_pickaxe":1,"minecraft:raw_gold":8,"minecraft:waxed_oxidized_copper_grate":1,"minecraft:brick":26}},"DataVersion":4082}