{"stats":{"minecraft:killed_by":{"minecraft:player":2},"minecraft:killed":{"minecraft:pig":2,"minecraft:iron_golem":1,"minecraft:sheep":4,"minecraft:zombie":4,"minecraft:villager":5},"minecraft:custom":{"minecraft:mob_kills":16,"minecraft:interact_with_crafting_table":25,"minecraft:leave_game":4,"minecraft:time_since_death":92473,"minecraft:sprint_one_cm":455931,"minecraft:walk_one_cm":265228,"minecraft:drop":63,"minecraft:talked_to_villager":2,"minecraft:play_time":119086,"minecraft:sneak_time":10720,"minecraft:deaths":2,"minecraft:walk_under_water_one_cm":837,"minecraft:jump":1829,"minecraft:interact_with_blast_furnace":9,"minecraft:walk_on_water_one_cm":5868,"minecraft:total_world_time":119086,"minecraft:interact_with_furnace":19,"minecraft:sleep_in_bed":8,"minecraft:time_since_rest":451,"minecraft:damage_taken":1112,"minecraft:damage_dealt":2751,"minecraft:swim_one_cm":27293,"minecraft:fly_one_cm":311571,"minecraft:open_chest":49,"minecraft:crouch_one_cm":29567,"minecraft:fall_one_cm":42818},"minecraft:mined":{"minecraft:deepslate_diamond_ore":15,"minecraft:cobblestone_stairs":4,"minecraft:granite":42,"minecraft:grass_block":15,"minecraft:spruce_leaves":2,"minecraft:composter":2,"minecraft:furnace":1,"minecraft:carrots":21,"minecraft:fire":7,"minecraft:iron_ore":18,"minecraft:andesite":92,"minecraft:potatoes":48,"minecraft:pointed_dripstone":19,"minecraft:deepslate_iron_ore":23,"minecraft:water_cauldron":3,"minecraft:stone":969,"minecraft:deepslate_redstone_ore":12,"minecraft:crafting_table":1,"minecraft:torch":14,"minecraft:short_grass":6,"minecraft:poppy":12,"minecraft:cobblestone":24,"minecraft:copper_ore":28,"minecraft:lapis_ore":5,"minecraft:deepslate_gold_ore":10,"minecraft:oak_planks":3,"minecraft:sugar_cane":8,"minecraft:diorite":80,"minecraft:wall_torch":18,"minecraft:cauldron":1,"minecraft:deepslate_copper_ore":1,"minecraft:sweet_berry_bush":8,"minecraft:wheat":34,"minecraft:lilac":1,"minecraft:birch_leaves":1,"minecraft:yellow_bed":1,"minecraft:coal_ore":76,"minecraft:oak_log":24,"minecraft:beetroots":5,"minecraft:dirt":237,"minecraft:sand":19,"minecraft:gravel":17,"minecraft:dripstone_block":20,"minecraft:oak_leaves":29,"minecraft:deepslate":34},"minecraft:picked_up":{"minecraft:wooden_axe":1,"minecraft:iron_chestplate":1,"minecraft:crafting_table":2,"minecraft:wheat":111,"minecraft:wooden_pickaxe":2,"minecraft:cornflower":6,"minecraft:raw_copper":63,"minecraft:iron_leggings":1,"minecraft:iron_shovel":1,"minecraft:beetroot":8,"minecraft:cobbled_deepslate":30,"minecraft:beef":9,"minecraft:poppy":12,"minecraft:sugar_cane":54,"minecraft:birch_sapling":2,"minecraft:furnace":1,"minecraft:iron_boots":1,"minecraft:stick":1080,"minecraft:raw_iron":41,"minecraft:composter":2,"minecraft:torch":42,"minecraft:porkchop":8,"minecraft:pointed_dripstone":24,"minecraft:diorite":78,"minecraft:carrot":88,"minecraft:redstone":57,"minecraft:cauldron":4,"minecraft:arrow":278,"minecraft:rotten_flesh":5,"minecraft:beetroot_seeds":12,"minecraft:mutton":16,"minecraft:white_wool":10,"minecraft:cobblestone":1069,"minecraft:cooked_beef":3,"minecraft:andesite":137,"minecraft:leather":6,"minecraft:potato":123,"minecraft:birch_planks":6,"minecraft:flint":1,"minecraft:oak_log":51,"minecraft:yellow_bed":4,"minecraft:cobblestone_stairs":4,"minecraft:lapis_lazuli":38,"minecraft:dirt":247,"minecraft:cooked_mutton":3,"minecraft:apple":20,"minecraft:bow":8,"minecraft:wheat_seeds":105,"minecraft:raw_gold":10,"minecraft:bell":24,"minecraft:iron_ingot":6,"minecraft:stone_pickaxe":1,"minecraft:stone_hoe":2,"minecraft:oak_planks":60,"minecraft:cooked_porkchop":4,"minecraft:pumpkin":4,"minecraft:sweet_berries":7,"minecraft:dripstone_block":10,"minecraft:gravel":66,"minecraft:sand":57,"minecraft:diamond":15,"minecraft:stone_axe":1,"minecraft:iron_helmet":1,"minecraft:granite":35,"minecraft:diamond_axe":1,"minecraft:bread":9,"minecraft:emerald":6,"minecraft:oak_sapling":61,"minecraft:coal":72},"minecraft:crafted":{"minecraft:oak_planks":40,"minecraft:furnace":1,"minecraft:cobblestone_stairs":144,"minecraft:cooked_mutton":5,"minecraft:iron_hoe":1,"minecraft:stone_pickaxe":7,"minecraft:stone_hoe":1,"minecraft:cooked_beef":6,"minecraft:cooked_porkchop":4,"minecraft:crafting_table":2,"minecraft:wooden_pickaxe":1,"minecraft:bucket":1,"minecraft:stone_axe":1,"minecraft:bread":26,"minecraft:air":0,"minecraft:stick":20,"minecraft:iron_ingot":41,"minecraft:iron_pickaxe":3,"minecraft:iron_shovel":1,"minecraft:white_bed":1,"minecraft:torch":264},"minecraft:broken":{"minecraft:stone_pickaxe":6,"minecraft:iron_pickaxe":2},"minecraft:used":{"minecraft:iron_shovel":200,"minecraft:stone_hoe":4,"minecraft:torch":261,"minecraft:dirt":119,"minecraft:carrot":15,"minecraft:iron_hoe":104,"minecraft:birch_sapling":1,"minecraft:furnace":2,"minecraft:cooked_beef":1,"minecraft:potato":119,"minecraft:cobbled_deepslate":8,"minecraft:pointed_dripstone":7,"minecraft:cooked_mutton":5,"minecraft:water_bucket":9,"minecraft:diorite":13,"minecraft:cobblestone_stairs":130,"minecraft:stone_pickaxe":916,"minecraft:oak_planks":1,"minecraft:wooden_pickaxe":16,"minecraft:composter":2,"minecraft:cauldron":4,"minecraft:diamond_axe":5,"minecraft:crafting_table":2,"minecraft:white_bed":1,"minecraft:dripstone_block":7,"minecraft:bread":15,"minecraft:iron_pickaxe":559,"minecraft:gravel":3,"minecraft:stone_axe":26,"minecraft:cobblestone":90,"minecraft:andesite":1,"minecraft:bucket":9,"minecraft:yellow_bed":2},"minecraft:dropped":{"minecraft:stone_hoe":1,"minecraft:bread":1,"minecraft:iron_ingot":1,"minecraft:birch_planks":6,"minecraft:wheat_seeds":1,"minecraft:diamond":9,"minecraft:cobblestone":2,"minecraft:cobblestone_stairs":18,"minecraft:stick":1048,"minecraft:flint":1,"minecraft:mutton":3,"minecraft:wooden_axe":1,"minecraft:iron_shovel":1,"minecraft:white_wool":2,"minecraft:gravel":55,"minecraft:beetroot":4,"minecraft:rotten_flesh":1,"minecraft:poppy":12,"minecraft:andesite":66,"minecraft:beetroot_seeds":12,"minecraft:bow":4,"minecraft:stone_pickaxe":1,"minecraft:wooden_pickaxe":2,"minecraft:bell":24}},"DataVersion":4082}