{"stats":{"minecraft:killed_by":{"minecraft:player":2},"minecraft:killed":{"minecraft:pig":2,"minecraft:iron_golem":1,"minecraft:sheep":4},"minecraft:custom":{"minecraft:interact_with_furnace":9,"minecraft:mob_kills":7,"minecraft:interact_with_crafting_table":14,"minecraft:leave_game":3,"minecraft:time_since_death":16293,"minecraft:sleep_in_bed":6,"minecraft:time_since_rest":12185,"minecraft:sprint_one_cm":107652,"minecraft:damage_taken":639,"minecraft:walk_one_cm":110215,"minecraft:drop":41,"minecraft:damage_dealt":1069,"minecraft:swim_one_cm":3052,"minecraft:talked_to_villager":1,"minecraft:fly_one_cm":68065,"minecraft:open_chest":9,"minecraft:crouch_one_cm":1303,"minecraft:play_time":42906,"minecraft:deaths":2,"minecraft:sneak_time":544,"minecraft:walk_under_water_one_cm":84,"minecraft:jump":568,"minecraft:walk_on_water_one_cm":2395,"minecraft:total_world_time":42906,"minecraft:fall_one_cm":10000},"minecraft:mined":{"minecraft:cobblestone_stairs":3,"minecraft:granite":42,"minecraft:short_grass":1,"minecraft:grass_block":1,"minecraft:copper_ore":28,"minecraft:sugar_cane":7,"minecraft:oak_planks":3,"minecraft:composter":2,"minecraft:diorite":37,"minecraft:carrots":12,"minecraft:iron_ore":5,"minecraft:fire":7,"minecraft:wheat":24,"minecraft:andesite":69,"minecraft:coal_ore":58,"minecraft:potatoes":12,"minecraft:oak_log":24,"minecraft:beetroots":4,"minecraft:gravel":1,"minecraft:sand":19,"minecraft:dirt":10,"minecraft:stone":322,"minecraft:oak_leaves":27},"minecraft:picked_up":{"minecraft:wooden_axe":1,"minecraft:crafting_table":1,"minecraft:iron_chestplate":1,"minecraft:wheat":111,"minecraft:cooked_beef":3,"minecraft:andesite":115,"minecraft:leather":6,"minecraft:wooden_pickaxe":2,"minecraft:potato":76,"minecraft:birch_planks":6,"minecraft:oak_log":51,"minecraft:yellow_bed":3,"minecraft:cobblestone_stairs":3,"minecraft:dirt":39,"minecraft:raw_copper":63,"minecraft:iron_leggings":1,"minecraft:cooked_mutton":3,"minecraft:iron_shovel":1,"minecraft:apple":20,"minecraft:beetroot":8,"minecraft:bow":8,"minecraft:wheat_seeds":104,"minecraft:bell":24,"minecraft:iron_ingot":6,"minecraft:beef":9,"minecraft:stone_pickaxe":1,"minecraft:sugar_cane":52,"minecraft:oak_planks":60,"minecraft:birch_sapling":2,"minecraft:stone_hoe":2,"minecraft:iron_boots":1,"minecraft:stick":1080,"minecraft:raw_iron":5,"minecraft:cooked_porkchop":4,"minecraft:pumpkin":4,"minecraft:composter":2,"minecraft:torch":8,"minecraft:gravel":52,"minecraft:porkchop":8,"minecraft:sand":57,"minecraft:diorite":37,"minecraft:carrot":67,"minecraft:arrow":278,"minecraft:rotten_flesh":1,"minecraft:beetroot_seeds":12,"minecraft:stone_axe":1,"minecraft:iron_helmet":1,"minecraft:diamond_axe":1,"minecraft:granite":35,"minecraft:emerald":6,"minecraft:oak_sapling":61,"minecraft:mutton":16,"minecraft:coal":55,"minecraft:white_wool":10,"minecraft:cobblestone":431},"minecraft:crafted":{"minecraft:cooked_beef":6,"minecraft:oak_planks":40,"minecraft:cooked_porkchop":4,"minecraft:crafting_table":1,"minecraft:wooden_pickaxe":1,"minecraft:furnace":1,"minecraft:cobblestone_stairs":88,"minecraft:stone_axe":1,"minecraft:cooked_mutton":5,"minecraft:air":0,"minecraft:stick":12,"minecraft:iron_pickaxe":1,"minecraft:stone_pickaxe":5,"minecraft:white_bed":1,"minecraft:torch":88,"minecraft:stone_hoe":1},"minecraft:broken":{"minecraft:stone_pickaxe":3},"minecraft:used":{"minecraft:cooked_mutton":2,"minecraft:diorite":1,"minecraft:cobblestone_stairs":73,"minecraft:stone_pickaxe":548,"minecraft:wooden_pickaxe":16,"minecraft:composter":2,"minecraft:diamond_axe":5,"minecraft:stone_hoe":4,"minecraft:torch":37,"minecraft:dirt":13,"minecraft:crafting_table":1,"minecraft:carrot":15,"minecraft:white_bed":1,"minecraft:birch_sapling":1,"minecraft:gravel":1,"minecraft:stone_axe":2,"minecraft:cobblestone":15,"minecraft:furnace":1,"minecraft:andesite":1,"minecraft:yellow_bed":1,"minecraft:potato":51},"minecraft:dropped":{"minecraft:stone_hoe":1,"minecraft:gravel":50,"minecraft:iron_ingot":1,"minecraft:birch_planks":6,"minecraft:beetroot":4,"minecraft:rotten_flesh":1,"minecraft:stick":1048,"minecraft:wooden_axe":1,"minecraft:andesite":66,"minecraft:beetroot_seeds":12,"minecraft:bow":4,"minecraft:wooden_pickaxe":2,"minecraft:iron_shovel":1,"minecraft:bell":24,"minecraft:white_wool":2}},"DataVersion":4082}