{"stats":{"minecraft:killed_by":{"minecraft:player":2},"minecraft:killed":{"minecraft:pig":2,"minecraft:iron_golem":1,"minecraft:sheep":4,"minecraft:zombie":4,"minecraft:villager":3},"minecraft:custom":{"minecraft:mob_kills":14,"minecraft:interact_with_crafting_table":21,"minecraft:leave_game":4,"minecraft:time_since_death":62473,"minecraft:sprint_one_cm":371368,"minecraft:walk_one_cm":167882,"minecraft:drop":47,"minecraft:talked_to_villager":2,"minecraft:play_time":89086,"minecraft:sneak_time":6133,"minecraft:deaths":2,"minecraft:walk_under_water_one_cm":618,"minecraft:jump":1412,"minecraft:walk_on_water_one_cm":4745,"minecraft:total_world_time":89086,"minecraft:interact_with_furnace":12,"minecraft:sleep_in_bed":6,"minecraft:time_since_rest":58365,"minecraft:damage_taken":886,"minecraft:damage_dealt":2351,"minecraft:swim_one_cm":10571,"minecraft:fly_one_cm":226380,"minecraft:open_chest":28,"minecraft:crouch_one_cm":13092,"minecraft:fall_one_cm":32591},"minecraft:mined":{"minecraft:deepslate_diamond_ore":15,"minecraft:cobblestone_stairs":4,"minecraft:granite":42,"minecraft:grass_block":1,"minecraft:spruce_leaves":2,"minecraft:composter":2,"minecraft:furnace":1,"minecraft:carrots":21,"minecraft:fire":7,"minecraft:iron_ore":18,"minecraft:andesite":77,"minecraft:potatoes":47,"minecraft:pointed_dripstone":17,"minecraft:deepslate_iron_ore":23,"minecraft:water_cauldron":3,"minecraft:stone":562,"minecraft:deepslate_redstone_ore":12,"minecraft:crafting_table":1,"minecraft:torch":5,"minecraft:short_grass":2,"minecraft:cobblestone":10,"minecraft:copper_ore":28,"minecraft:lapis_ore":5,"minecraft:deepslate_gold_ore":10,"minecraft:oak_planks":3,"minecraft:sugar_cane":8,"minecraft:diorite":80,"minecraft:wall_torch":5,"minecraft:deepslate_copper_ore":1,"minecraft:wheat":34,"minecraft:lilac":1,"minecraft:birch_leaves":1,"minecraft:coal_ore":58,"minecraft:oak_log":24,"minecraft:beetroots":5,"minecraft:dirt":44,"minecraft:sand":19,"minecraft:gravel":9,"minecraft:dripstone_block":17,"minecraft:oak_leaves":29,"minecraft:deepslate":34},"minecraft:picked_up":{"minecraft:wooden_axe":1,"minecraft:iron_chestplate":1,"minecraft:crafting_table":2,"minecraft:wheat":111,"minecraft:wooden_pickaxe":2,"minecraft:raw_copper":63,"minecraft:iron_leggings":1,"minecraft:iron_shovel":1,"minecraft:beetroot":8,"minecraft:cobbled_deepslate":30,"minecraft:beef":9,"minecraft:sugar_cane":54,"minecraft:birch_sapling":2,"minecraft:furnace":1,"minecraft:iron_boots":1,"minecraft:stick":1080,"minecraft:raw_iron":41,"minecraft:composter":2,"minecraft:torch":18,"minecraft:porkchop":8,"minecraft:pointed_dripstone":22,"minecraft:diorite":78,"minecraft:carrot":88,"minecraft:redstone":57,"minecraft:cauldron":3,"minecraft:arrow":278,"minecraft:rotten_flesh":5,"minecraft:beetroot_seeds":12,"minecraft:mutton":16,"minecraft:white_wool":10,"minecraft:cobblestone":677,"minecraft:cooked_beef":3,"minecraft:andesite":122,"minecraft:leather":6,"minecraft:potato":119,"minecraft:birch_planks":6,"minecraft:flint":1,"minecraft:oak_log":51,"minecraft:yellow_bed":3,"minecraft:cobblestone_stairs":4,"minecraft:lapis_lazuli":38,"minecraft:dirt":41,"minecraft:cooked_mutton":3,"minecraft:apple":20,"minecraft:bow":8,"minecraft:wheat_seeds":104,"minecraft:raw_gold":10,"minecraft:bell":24,"minecraft:iron_ingot":6,"minecraft:stone_pickaxe":1,"minecraft:stone_hoe":2,"minecraft:oak_planks":60,"minecraft:cooked_porkchop":4,"minecraft:pumpkin":4,"minecraft:dripstone_block":7,"minecraft:gravel":57,"minecraft:sand":57,"minecraft:diamond":15,"minecraft:stone_axe":1,"minecraft:iron_helmet":1,"minecraft:granite":35,"minecraft:diamond_axe":1,"minecraft:bread":1,"minecraft:emerald":6,"minecraft:oak_sapling":61,"minecraft:coal":55},"minecraft:crafted":{"minecraft:oak_planks":40,"minecraft:furnace":1,"minecraft:cobblestone_stairs":144,"minecraft:cooked_mutton":5,"minecraft:stone_pickaxe":7,"minecraft:stone_hoe":1,"minecraft:cooked_beef":6,"minecraft:cooked_porkchop":4,"minecraft:crafting_table":2,"minecraft:wooden_pickaxe":1,"minecraft:bucket":1,"minecraft:stone_axe":1,"minecraft:bread":26,"minecraft:air":0,"minecraft:stick":12,"minecraft:iron_ingot":11,"minecraft:iron_pickaxe":1,"minecraft:white_bed":1,"minecraft:torch":200},"minecraft:broken":{"minecraft:stone_pickaxe":6},"minecraft:used":{"minecraft:stone_hoe":4,"minecraft:torch":179,"minecraft:dirt":15,"minecraft:carrot":15,"minecraft:birch_sapling":1,"minecraft:furnace":1,"minecraft:cooked_beef":1,"minecraft:potato":51,"minecraft:cobbled_deepslate":8,"minecraft:cooked_mutton":5,"minecraft:water_bucket":4,"minecraft:diorite":13,"minecraft:cobblestone_stairs":128,"minecraft:stone_pickaxe":916,"minecraft:oak_planks":1,"minecraft:wooden_pickaxe":16,"minecraft:composter":2,"minecraft:diamond_axe":5,"minecraft:crafting_table":2,"minecraft:white_bed":1,"minecraft:dripstone_block":7,"minecraft:bread":8,"minecraft:iron_pickaxe":96,"minecraft:gravel":1,"minecraft:stone_axe":22,"minecraft:cobblestone":48,"minecraft:andesite":1,"minecraft:bucket":5,"minecraft:yellow_bed":1},"minecraft:dropped":{"minecraft:stone_hoe":1,"minecraft:bread":1,"minecraft:iron_ingot":1,"minecraft:birch_planks":6,"minecraft:cobblestone":2,"minecraft:stick":1048,"minecraft:flint":1,"minecraft:mutton":3,"minecraft:wooden_axe":1,"minecraft:iron_shovel":1,"minecraft:white_wool":2,"minecraft:gravel":55,"minecraft:beetroot":4,"minecraft:rotten_flesh":1,"minecraft:andesite":66,"minecraft:beetroot_seeds":12,"minecraft:bow":4,"minecraft:stone_pickaxe":1,"minecraft:wooden_pickaxe":2,"minecraft:bell":24}},"DataVersion":4082}