{"stats":{"minecraft:killed_by":{"minecraft:player":2},"minecraft:killed":{"minecraft:pig":2,"minecraft:iron_golem":1,"minecraft:sheep":4,"minecraft:zombie":4},"minecraft:custom":{"minecraft:interact_with_furnace":11,"minecraft:mob_kills":11,"minecraft:interact_with_crafting_table":19,"minecraft:leave_game":4,"minecraft:time_since_death":38473,"minecraft:sleep_in_bed":6,"minecraft:time_since_rest":34365,"minecraft:sprint_one_cm":190202,"minecraft:damage_taken":788,"minecraft:walk_one_cm":136246,"minecraft:drop":41,"minecraft:damage_dealt":1861,"minecraft:swim_one_cm":3275,"minecraft:talked_to_villager":1,"minecraft:fly_one_cm":93937,"minecraft:open_chest":17,"minecraft:crouch_one_cm":10462,"minecraft:play_time":65086,"minecraft:deaths":2,"minecraft:sneak_time":4692,"minecraft:walk_under_water_one_cm":463,"minecraft:jump":731,"minecraft:walk_on_water_one_cm":2431,"minecraft:total_world_time":65086,"minecraft:fall_one_cm":12104},"minecraft:mined":{"minecraft:cobblestone_stairs":4,"minecraft:crafting_table":1,"minecraft:granite":42,"minecraft:short_grass":1,"minecraft:grass_block":1,"minecraft:copper_ore":28,"minecraft:cobblestone":6,"minecraft:lapis_ore":5,"minecraft:sugar_cane":7,"minecraft:oak_planks":3,"minecraft:composter":2,"minecraft:diorite":80,"minecraft:wall_torch":1,"minecraft:carrots":12,"minecraft:iron_ore":16,"minecraft:fire":7,"minecraft:wheat":24,"minecraft:andesite":77,"minecraft:deepslate_iron_ore":9,"minecraft:pointed_dripstone":14,"minecraft:water_cauldron":3,"minecraft:oak_log":24,"minecraft:potatoes":12,"minecraft:coal_ore":58,"minecraft:beetroots":4,"minecraft:dripstone_block":15,"minecraft:gravel":1,"minecraft:sand":19,"minecraft:dirt":43,"minecraft:stone":562,"minecraft:oak_leaves":27,"minecraft:deepslate":4},"minecraft:picked_up":{"minecraft:wooden_axe":1,"minecraft:crafting_table":2,"minecraft:iron_chestplate":1,"minecraft:wheat":111,"minecraft:cooked_beef":3,"minecraft:andesite":122,"minecraft:leather":6,"minecraft:wooden_pickaxe":2,"minecraft:potato":76,"minecraft:birch_planks":6,"minecraft:oak_log":51,"minecraft:yellow_bed":3,"minecraft:cobblestone_stairs":4,"minecraft:lapis_lazuli":38,"minecraft:dirt":41,"minecraft:raw_copper":63,"minecraft:iron_leggings":1,"minecraft:cooked_mutton":3,"minecraft:iron_shovel":1,"minecraft:apple":20,"minecraft:beetroot":8,"minecraft:bow":8,"minecraft:wheat_seeds":104,"minecraft:bell":24,"minecraft:stone_pickaxe":1,"minecraft:iron_ingot":6,"minecraft:beef":9,"minecraft:sugar_cane":52,"minecraft:oak_planks":60,"minecraft:birch_sapling":2,"minecraft:stone_hoe":2,"minecraft:iron_boots":1,"minecraft:stick":1080,"minecraft:raw_iron":22,"minecraft:cooked_porkchop":4,"minecraft:pumpkin":4,"minecraft:composter":2,"minecraft:torch":10,"minecraft:dripstone_block":7,"minecraft:gravel":52,"minecraft:porkchop":8,"minecraft:sand":57,"minecraft:pointed_dripstone":19,"minecraft:diorite":78,"minecraft:carrot":67,"minecraft:cauldron":3,"minecraft:arrow":278,"minecraft:rotten_flesh":5,"minecraft:beetroot_seeds":12,"minecraft:stone_axe":1,"minecraft:iron_helmet":1,"minecraft:diamond_axe":1,"minecraft:granite":35,"minecraft:emerald":6,"minecraft:oak_sapling":61,"minecraft:mutton":16,"minecraft:coal":55,"minecraft:white_wool":10,"minecraft:cobblestone":675},"minecraft:crafted":{"minecraft:cooked_beef":6,"minecraft:oak_planks":40,"minecraft:cooked_porkchop":4,"minecraft:crafting_table":2,"minecraft:wooden_pickaxe":1,"minecraft:furnace":1,"minecraft:cobblestone_stairs":144,"minecraft:bucket":1,"minecraft:stone_axe":1,"minecraft:cooked_mutton":5,"minecraft:air":0,"minecraft:stick":12,"minecraft:iron_ingot":11,"minecraft:iron_pickaxe":1,"minecraft:stone_pickaxe":7,"minecraft:white_bed":1,"minecraft:torch":152,"minecraft:stone_hoe":1},"minecraft:broken":{"minecraft:stone_pickaxe":6},"minecraft:used":{"minecraft:cooked_mutton":5,"minecraft:water_bucket":4,"minecraft:diorite":13,"minecraft:cobblestone_stairs":128,"minecraft:stone_pickaxe":908,"minecraft:wooden_pickaxe":16,"minecraft:composter":2,"minecraft:diamond_axe":5,"minecraft:stone_hoe":4,"minecraft:torch":141,"minecraft:dirt":15,"minecraft:crafting_table":2,"minecraft:carrot":15,"minecraft:dripstone_block":7,"minecraft:white_bed":1,"minecraft:birch_sapling":1,"minecraft:gravel":1,"minecraft:stone_axe":14,"minecraft:cobblestone":42,"minecraft:bucket":5,"minecraft:furnace":1,"minecraft:andesite":1,"minecraft:yellow_bed":1,"minecraft:potato":51},"minecraft:dropped":{"minecraft:stone_hoe":1,"minecraft:gravel":50,"minecraft:iron_ingot":1,"minecraft:birch_planks":6,"minecraft:beetroot":4,"minecraft:rotten_flesh":1,"minecraft:stick":1048,"minecraft:wooden_axe":1,"minecraft:andesite":66,"minecraft:beetroot_seeds":12,"minecraft:bow":4,"minecraft:wooden_pickaxe":2,"minecraft:iron_shovel":1,"minecraft:bell":24,"minecraft:white_wool":2}},"DataVersion":4082}