{"stats":{"minecraft:killed":{"minecraft:skeleton":3,"minecraft:spider":1,"minecraft:zombie":4,"minecraft:wither_skeleton":1,"minecraft:creeper":1,"minecraft:blaze":3},"minecraft:custom":{"minecraft:open_chest":1,"minecraft:time_since_rest":17974,"minecraft:crouch_one_cm":428,"minecraft:play_time":17974,"minecraft:sprint_one_cm":17835,"minecraft:walk_one_cm":9929,"minecraft:sneak_time":420,"minecraft:walk_under_water_one_cm":211,"minecraft:mob_kills":13,"minecraft:drop":4,"minecraft:jump":176,"minecraft:damage_dealt":2529,"minecraft:time_since_death":17974,"minecraft:walk_on_water_one_cm":370,"minecraft:total_world_time":17974,"minecraft:swim_one_cm":1509,"minecraft:interact_with_crafting_table":1,"minecraft:fly_one_cm":244076},"minecraft:picked_up":{"minecraft:arrow":4,"minecraft:bone":5,"minecraft:rotten_flesh":2,"minecraft:gunpowder":2,"minecraft:blaze_rod":1},"minecraft:crafted":{"minecraft:enchanting_table":1},"minecraft:dropped":{"minecraft:arrow":2,"minecraft:gunpowder":2,"minecraft:bone":5},"minecraft:used":{"minecraft:enchanting_table":1,"minecraft:diamond_sword":34,"minecraft:stone_sword":4,"minecraft:skeleton_spawn_egg":3,"minecraft:flint_and_steel":1,"minecraft:crafting_table":2,"minecraft:ender_pearl":1,"minecraft:zombie_spawn_egg":4,"minecraft:obsidian":13}},"DataVersion":4082}