{"stats":{"minecraft:killed":{"minecraft:skeleton":3,"minecraft:zombie":4,"minecraft:ghast":2,"minecraft:spider":1,"minecraft:wither_skeleton":1,"minecraft:creeper":1,"minecraft:blaze":3},"minecraft:custom":{"minecraft:time_since_rest":29974,"minecraft:sprint_one_cm":24610,"minecraft:damage_taken":60,"minecraft:walk_one_cm":27708,"minecraft:damage_blocked_by_shield":151,"minecraft:mob_kills":15,"minecraft:drop":7,"minecraft:damage_dealt":2683,"minecraft:swim_one_cm":4303,"minecraft:interact_with_crafting_table":1,"minecraft:fly_one_cm":549910,"minecraft:open_chest":1,"minecraft:crouch_one_cm":472,"minecraft:play_time":29974,"minecraft:sneak_time":909,"minecraft:walk_under_water_one_cm":288,"minecraft:jump":258,"minecraft:walk_on_water_one_cm":907,"minecraft:time_since_death":29974,"minecraft:enchant_item":1,"minecraft:total_world_time":29974,"minecraft:fall_one_cm":262},"minecraft:picked_up":{"minecraft:ghast_tear":1,"minecraft:gunpowder":2,"minecraft:bone":5,"minecraft:arrow":4,"minecraft:rotten_flesh":2,"minecraft:blaze_rod":1},"minecraft:crafted":{"minecraft:enchanting_table":1},"minecraft:used":{"minecraft:enchanting_table":2,"minecraft:ghast_spawn_egg":4,"minecraft:stone_sword":4,"minecraft:flint_and_steel":2,"minecraft:grass_block":1,"minecraft:ender_pearl":1,"minecraft:shield":4,"minecraft:zombie_spawn_egg":4,"minecraft:mossy_cobblestone":8,"minecraft:diamond_sword":38,"minecraft:rail":2,"minecraft:bow":4,"minecraft:skeleton_spawn_egg":3,"minecraft:crafting_table":2,"minecraft:wolf_spawn_egg":4,"minecraft:minecart":2,"minecraft:splash_potion":1,"minecraft:obsidian":39},"minecraft:dropped":{"minecraft:snow":1,"minecraft:gunpowder":2,"minecraft:arrow":2,"minecraft:ghast_tear":1,"minecraft:grass_block":1,"minecraft:bone":5}},"DataVersion":4082}