{"stats":{"minecraft:killed_by":{"minecraft:creeper":1,"minecraft:spider":1,"minecraft:iron_golem":1,"minecraft:skeleton":1,"minecraft:zombie":1},"minecraft:killed":{"minecraft:spider":1,"minecraft:zombie_villager":3,"minecraft:iron_golem":2,"minecraft:sheep":6,"minecraft:zombie":12,"minecraft:villager":1,"minecraft:cow":2},"minecraft:custom":{"minecraft:mob_kills":27,"minecraft:interact_with_crafting_table":54,"minecraft:open_barrel":4,"minecraft:leave_game":6,"minecraft:time_since_death":71730,"minecraft:climb_one_cm":887,"minecraft:sprint_one_cm":479501,"minecraft:walk_one_cm":756677,"minecraft:damage_blocked_by_shield":60,"minecraft:drop":38,"minecraft:talked_to_villager":127,"minecraft:play_time":256595,"minecraft:deaths":9,"minecraft:sneak_time":16194,"minecraft:walk_under_water_one_cm":57927,"minecraft:boat_one_cm":11737,"minecraft:jump":2645,"minecraft:walk_on_water_one_cm":57628,"minecraft:total_world_time":256595,"minecraft:interact_with_furnace":66,"minecraft:traded_with_villager":117,"minecraft:interact_with_grindstone":1,"minecraft:sleep_in_bed":10,"minecraft:time_since_rest":71782,"minecraft:damage_taken":3897,"minecraft:damage_dealt":6605,"minecraft:player_kills":3,"minecraft:swim_one_cm":69496,"minecraft:fly_one_cm":536065,"minecraft:open_chest":243,"minecraft:crouch_one_cm":48674,"minecraft:fall_one_cm":59831,"minecraft:inspect_dispenser":4},"minecraft:mined":{"minecraft:tuff":11,"minecraft:spruce_planks":19,"minecraft:white_bed":1,"minecraft:farmland":5,"minecraft:mossy_cobblestone":13,"minecraft:deepslate_diamond_ore":33,"minecraft:lever":3,"minecraft:spruce_trapdoor":43,"minecraft:grass_block":97,"minecraft:decorated_pot":14,"minecraft:spruce_leaves":20,"minecraft:chiseled_tuff_bricks":2,"minecraft:composter":19,"minecraft:tuff_bricks":6,"minecraft:spawner":3,"minecraft:redstone_ore":3,"minecraft:furnace":2,"minecraft:iron_ore":72,"minecraft:cobbled_deepslate":13,"minecraft:barrel":2,"minecraft:polished_tuff":1,"minecraft:andesite":41,"minecraft:fletching_table":5,"minecraft:rail":15,"minecraft:potatoes":6,"minecraft:pointed_dripstone":3,"minecraft:deepslate_iron_ore":27,"minecraft:dirt_path":40,"minecraft:stone":625,"minecraft:tripwire":7,"minecraft:clay":20,"minecraft:crafting_table":11,"minecraft:torch":2,"minecraft:spruce_button":1,"minecraft:short_grass":7,"minecraft:poppy":2,"minecraft:chest":17,"minecraft:glass":2,"minecraft:cobblestone":200,"minecraft:copper_ore":7,"minecraft:tall_grass":4,"minecraft:deepslate_gold_ore":8,"minecraft:grindstone":13,"minecraft:sugar_cane":2,"minecraft:blue_bed":7,"minecraft:diorite":14,"minecraft:wall_torch":7,"minecraft:big_dripleaf":1,"minecraft:spruce_stairs":2,"minecraft:purple_bed":38,"minecraft:powered_rail":1,"minecraft:birch_log":6,"minecraft:wheat":1,"minecraft:sweet_berry_bush":32,"minecraft:spruce_log":324,"minecraft:birch_leaves":1,"minecraft:waxed_copper_block":1,"minecraft:coal_ore":5,"minecraft:oak_log":21,"minecraft:sand":1,"minecraft:gravel":64,"minecraft:dripstone_block":3,"minecraft:dirt":520,"minecraft:tripwire_hook":8,"minecraft:dispenser":2,"minecraft:fern":1,"minecraft:oak_leaves":10,"minecraft:deepslate":198},"minecraft:picked_up":{"minecraft:wooden_axe":5,"minecraft:crafting_table":12,"minecraft:wheat":3,"minecraft:clay_ball":80,"minecraft:brick":8,"minecraft:string":45,"minecraft:raw_copper":26,"minecraft:iron_axe":2,"minecraft:large_fern":1,"minecraft:cobbled_deepslate":211,"minecraft:spruce_planks":20,"minecraft:beef":2,"minecraft:poppy":4,"minecraft:iron_pickaxe":4,"minecraft:minecart":2,"minecraft:sugar_cane":4,"minecraft:chest":21,"minecraft:spruce_trapdoor":59,"minecraft:furnace":2,"minecraft:stick":99,"minecraft:raw_iron":185,"minecraft:composter":33,"minecraft:big_dripleaf":1,"minecraft:torch":25,"minecraft:spruce_stairs":2,"minecraft:pointed_dripstone":6,"minecraft:diorite":14,"minecraft:redstone":17,"minecraft:iron_horse_armor":1,"minecraft:stone_shovel":3,"minecraft:rotten_flesh":16,"minecraft:arrow":34,"minecraft:decorated_pot":13,"minecraft:pumpkin_pie":2,"minecraft:tuff_bricks":5,"minecraft:obsidian":11,"minecraft:mutton":12,"minecraft:rail":17,"minecraft:white_wool":6,"minecraft:cobblestone":1078,"minecraft:birch_log":6,"minecraft:tripwire_hook":8,"minecraft:water_bucket":1,"minecraft:andesite":41,"minecraft:leather":3,"minecraft:potato":92,"minecraft:birch_planks":8,"minecraft:flint":8,"minecraft:tuff":41,"minecraft:oak_log":21,"minecraft:waxed_copper_block":1,"minecraft:blue_bed":9,"minecraft:dirt":881,"minecraft:name_tag":2,"minecraft:glass":5,"minecraft:bone":5,"minecraft:apple":7,"minecraft:wheat_seeds":4,"minecraft:raw_gold":16,"minecraft:grindstone":13,"minecraft:iron_ingot":23,"minecraft:cooked_chicken":1,"minecraft:powered_rail":1,"minecraft:fletching_table":5,"minecraft:oak_planks":1,"minecraft:honeycomb":8,"minecraft:iron_sword":4,"minecraft:stone_hoe":4,"minecraft:sweet_berries":126,"minecraft:dripstone_block":3,"minecraft:gravel":85,"minecraft:sand":1,"minecraft:spruce_sapling":43,"minecraft:white_bed":1,"minecraft:spruce_log":417,"minecraft:polished_tuff":1,"minecraft:barrel":2,"minecraft:mossy_cobblestone":13,"minecraft:dispenser":2,"minecraft:diamond":33,"minecraft:pumpkin_seeds":7,"minecraft:purple_bed":40,"minecraft:spruce_boat":8,"minecraft:stone_axe":1,"minecraft:lever":5,"minecraft:iron_helmet":5,"minecraft:spruce_button":1,"minecraft:golden_apple":3,"minecraft:bread":2,"minecraft:emerald":19,"minecraft:oak_sapling":10,"minecraft:black_wool":1,"minecraft:coal":5,"minecraft:chiseled_tuff_bricks":2},"minecraft:crafted":{"minecraft:oak_planks":84,"minecraft:chainmail_helmet":11,"minecraft:stone_shovel":4,"minecraft:tripwire_hook":2,"minecraft:spruce_button":1,"minecraft:furnace":9,"minecraft:lever":2,"minecraft:cooked_mutton":4,"minecraft:glass":10,"minecraft:iron_boots":9,"minecraft:bow":1,"minecraft:iron_axe":1,"minecraft:spruce_slab":54,"minecraft:stone_pickaxe":2,"minecraft:chest":2,"minecraft:spruce_boat":4,"minecraft:stone_hoe":1,"minecraft:chainmail_leggings":12,"minecraft:minecart":1,"minecraft:oak_slab":66,"minecraft:emerald":73,"minecraft:diamond_axe":1,"minecraft:crafting_table":5,"minecraft:powered_rail":6,"minecraft:spruce_planks":1344,"minecraft:baked_potato":26,"minecraft:wooden_pickaxe":2,"minecraft:iron_sword":1,"minecraft:smithing_table":1,"minecraft:fletching_table":2,"minecraft:bucket":1,"minecraft:birch_planks":24,"minecraft:stone_axe":14,"minecraft:bread":1,"minecraft:air":0,"minecraft:dispenser":1,"minecraft:spruce_trapdoor":22,"minecraft:shield":1,"minecraft:stick":2336,"minecraft:iron_ingot":24,"minecraft:iron_pickaxe":2,"minecraft:redstone_torch":1,"minecraft:stone_sword":2,"minecraft:gold_ingot":5,"minecraft:white_bed":1,"minecraft:composter":16,"minecraft:torch":16,"minecraft:shears":1},"minecraft:broken":{"minecraft:stone_axe":1,"minecraft:iron_pickaxe":2,"minecraft:stone_shovel":3},"minecraft:used":{"minecraft:tuff_bricks":4,"minecraft:stone_sword":41,"minecraft:dispenser":3,"minecraft:stone_shovel":488,"minecraft:chest":11,"minecraft:spruce_planks":19,"minecraft:shield":1,"minecraft:iron_sword":66,"minecraft:rotten_flesh":1,"minecraft:cooked_chicken":1,"minecraft:stone_hoe":108,"minecraft:torch":30,"minecraft:dirt":499,"minecraft:tuff":2,"minecraft:spruce_boat":8,"minecraft:glass":8,"minecraft:iron_axe":172,"minecraft:spruce_button":2,"minecraft:tripwire_hook":8,"minecraft:sweet_berries":54,"minecraft:furnace":9,"minecraft:potato":98,"minecraft:cobbled_deepslate":27,"minecraft:wheat_seeds":1,"minecraft:cooked_mutton":7,"minecraft:water_bucket":77,"minecraft:diorite":8,"minecraft:powered_rail":3,"minecraft:stone_pickaxe":217,"minecraft:baked_potato":13,"minecraft:diamond_axe":182,"minecraft:wooden_pickaxe":38,"minecraft:composter":21,"minecraft:fletching_table":7,"minecraft:blue_bed":5,"minecraft:mossy_cobblestone":10,"minecraft:rail":19,"minecraft:spruce_log":3,"minecraft:crafting_table":14,"minecraft:white_bed":1,"minecraft:shears":4,"minecraft:redstone_torch":1,"minecraft:polished_tuff":1,"minecraft:lever":5,"minecraft:apple":7,"minecraft:string":23,"minecraft:bread":6,"minecraft:iron_pickaxe":1178,"minecraft:spruce_trapdoor":57,"minecraft:spruce_sapling":24,"minecraft:gravel":7,"minecraft:stone_axe":143,"minecraft:chiseled_tuff_bricks":2,"minecraft:cobblestone":261,"minecraft:purple_bed":36,"minecraft:grindstone":7,"minecraft:smithing_table":1,"minecraft:andesite":1,"minecraft:bucket":77,"minecraft:pumpkin_pie":2},"minecraft:dropped":{"minecraft:stone_hoe":3,"minecraft:iron_ingot":1,"minecraft:diamond":33,"minecraft:dirt":1,"minecraft:mutton":3,"minecraft:wooden_axe":5,"minecraft:sweet_berries":1,"minecraft:tuff_bricks":1,"minecraft:stone_sword":1,"minecraft:cobbled_deepslate":7,"minecraft:tuff":9,"minecraft:raw_iron":86,"minecraft:wheat":2,"minecraft:rotten_flesh":5,"minecraft:white_bed":1,"minecraft:waxed_copper_block":1,"minecraft:andesite":10,"minecraft:glass":10,"minecraft:raw_gold":8,"minecraft:beef":1,"minecraft:wooden_pickaxe":1,"minecraft:stone_pickaxe":1,"minecraft:brick":4}},"DataVersion":4082}