{"stats":{"minecraft:killed_by":{"minecraft:creeper":1,"minecraft:zombie":1,"minecraft:player":1,"minecraft:spider":1,"minecraft:iron_golem":1,"minecraft:skeleton":1},"minecraft:killed":{"minecraft:spider":1,"minecraft:skeleton":17,"minecraft:silverfish":14,"minecraft:tropical_fish":1,"minecraft:zombie_villager":3,"minecraft:iron_golem":2,"minecraft:sheep":6,"minecraft:zombie":35,"minecraft:stray":1,"minecraft:cow":2,"minecraft:breeze":8,"minecraft:villager":1},"minecraft:custom":{"minecraft:interact_with_crafting_table":60,"minecraft:open_barrel":25,"minecraft:leave_game":6,"minecraft:time_since_death":52825,"minecraft:sprint_one_cm":634537,"minecraft:damage_blocked_by_shield":8590,"minecraft:drop":174,"minecraft:talked_to_villager":133,"minecraft:play_time":316595,"minecraft:deaths":10,"minecraft:jump":3487,"minecraft:walk_on_water_one_cm":64466,"minecraft:interact_with_furnace":79,"minecraft:traded_with_villager":124,"minecraft:sleep_in_bed":11,"minecraft:damage_dealt":17250,"minecraft:player_kills":3,"minecraft:crouch_one_cm":55517,"minecraft:inspect_dispenser":24,"minecraft:mob_kills":94,"minecraft:inspect_hopper":2,"minecraft:climb_one_cm":9385,"minecraft:walk_one_cm":970358,"minecraft:sneak_time":18855,"minecraft:walk_under_water_one_cm":62630,"minecraft:boat_one_cm":11737,"minecraft:total_world_time":316595,"minecraft:interact_with_grindstone":1,"minecraft:time_since_rest":37841,"minecraft:damage_taken":7147,"minecraft:damage_absorbed":40,"minecraft:swim_one_cm":85496,"minecraft:fly_one_cm":651062,"minecraft:open_chest":273,"minecraft:fall_one_cm":78018},"minecraft:mined":{"minecraft:spruce_planks":36,"minecraft:white_bed":1,"minecraft:farmland":5,"minecraft:spruce_trapdoor":43,"minecraft:granite":3,"minecraft:grass_block":97,"minecraft:chiseled_tuff_bricks":3,"minecraft:composter":19,"minecraft:hopper":3,"minecraft:tuff_bricks":29,"minecraft:spawner":4,"minecraft:iron_ore":74,"minecraft:barrel":9,"minecraft:cobbled_deepslate":13,"minecraft:polished_tuff":6,"minecraft:fletching_table":5,"minecraft:pointed_dripstone":3,"minecraft:dirt_path":40,"minecraft:polished_tuff_slab":2,"minecraft:tripwire":7,"minecraft:powder_snow":17,"minecraft:clay":20,"minecraft:torch":2,"minecraft:poppy":2,"minecraft:chest":19,"minecraft:glass":2,"minecraft:cobblestone":212,"minecraft:grindstone":13,"minecraft:sugar_cane":2,"minecraft:wall_torch":7,"minecraft:waxed_copper_bulb":1,"minecraft:red_candle":1,"minecraft:powered_rail":1,"minecraft:birch_log":6,"minecraft:wheat":1,"minecraft:waxed_copper_block":6,"minecraft:oak_log":21,"minecraft:sand":1,"minecraft:dirt":520,"minecraft:tripwire_hook":8,"minecraft:dispenser":2,"minecraft:oak_leaves":10,"minecraft:deepslate":198,"minecraft:tuff":11,"minecraft:mossy_cobblestone":14,"minecraft:deepslate_diamond_ore":33,"minecraft:waxed_oxidized_chiseled_copper":1,"minecraft:lever":3,"minecraft:decorated_pot":46,"minecraft:spruce_leaves":22,"minecraft:redstone_ore":3,"minecraft:waxed_oxidized_cut_copper":1,"minecraft:furnace":2,"minecraft:waxed_copper_grate":2,"minecraft:andesite":41,"minecraft:potatoes":62,"minecraft:deepslate_iron_ore":27,"minecraft:vine":1,"minecraft:rail":15,"minecraft:stone":663,"minecraft:scaffolding":1,"minecraft:crafting_table":14,"minecraft:short_grass":7,"minecraft:spruce_button":1,"minecraft:tall_grass":4,"minecraft:copper_ore":7,"minecraft:deepslate_gold_ore":8,"minecraft:diorite":14,"minecraft:blue_bed":7,"minecraft:big_dripleaf":1,"minecraft:spruce_stairs":2,"minecraft:purple_bed":38,"minecraft:waxed_oxidized_copper_grate":1,"minecraft:sweet_berry_bush":32,"minecraft:spruce_log":404,"minecraft:birch_leaves":1,"minecraft:coal_ore":5,"minecraft:dripstone_block":3,"minecraft:gravel":64,"minecraft:fern":1},"minecraft:picked_up":{"minecraft:wooden_axe":5,"minecraft:iron_chestplate":1,"minecraft:wheat":3,"minecraft:potion":2,"minecraft:enchanted_book":7,"minecraft:string":46,"minecraft:raw_copper":26,"minecraft:red_candle":7,"minecraft:cobbled_deepslate":358,"minecraft:spruce_planks":98,"minecraft:trial_key":8,"minecraft:iron_pickaxe":5,"minecraft:enchanted_golden_apple":1,"minecraft:iron_boots":1,"minecraft:furnace":2,"minecraft:tipped_arrow":57,"minecraft:stick":99,"minecraft:composter":33,"minecraft:big_dripleaf":1,"minecraft:torch":25,"minecraft:spruce_stairs":2,"minecraft:golden_axe":1,"minecraft:waxed_copper_grate":3,"minecraft:pointed_dripstone":6,"minecraft:diorite":14,"minecraft:honey_bottle":2,"minecraft:rotten_flesh":45,"minecraft:obsidian":11,"minecraft:cobblestone":1304,"minecraft:birch_log":6,"minecraft:cooked_beef":1,"minecraft:water_bucket":1,"minecraft:andesite":41,"minecraft:golden_leggings":1,"minecraft:potato":188,"minecraft:flint":8,"minecraft:tuff":41,"minecraft:dirt":881,"minecraft:name_tag":2,"minecraft:glass":5,"minecraft:bone":42,"minecraft:bow":4,"minecraft:wheat_seeds":4,"minecraft:raw_gold":16,"minecraft:grindstone":13,"minecraft:bolt_armor_trim_smithing_template":1,"minecraft:fletching_table":5,"minecraft:powered_rail":1,"minecraft:stone_hoe":4,"minecraft:honeycomb":8,"minecraft:oak_planks":1,"minecraft:scrape_pottery_sherd":4,"minecraft:sand":1,"minecraft:barrel":7,"minecraft:mossy_cobblestone":14,"minecraft:dispenser":2,"minecraft:diamond":33,"minecraft:spruce_boat":8,"minecraft:lever":5,"minecraft:waxed_oxidized_copper_grate":3,"minecraft:crossbow":1,"minecraft:breeze_rod":12,"minecraft:golden_apple":4,"minecraft:emerald":74,"minecraft:spruce_button":1,"minecraft:bread":83,"minecraft:music_disc_precipice":1,"minecraft:oak_sapling":10,"minecraft:ominous_trial_key":2,"minecraft:waxed_oxidized_cut_copper":1,"minecraft:crafting_table":15,"minecraft:splash_potion":2,"minecraft:clay_ball":80,"minecraft:brick":160,"minecraft:shield":4,"minecraft:wind_charge":40,"minecraft:large_fern":1,"minecraft:iron_axe":2,"minecraft:beef":2,"minecraft:poppy":4,"minecraft:minecart":2,"minecraft:guster_pottery_sherd":3,"minecraft:sugar_cane":4,"minecraft:chest":21,"minecraft:spruce_trapdoor":59,"minecraft:raw_iron":185,"minecraft:flow_pottery_sherd":2,"minecraft:redstone":17,"minecraft:music_disc_creator_music_box":1,"minecraft:iron_horse_armor":1,"minecraft:waxed_oxidized_chiseled_copper":1,"minecraft:arrow":125,"minecraft:stone_shovel":3,"minecraft:diamond_chestplate":2,"minecraft:decorated_pot":20,"minecraft:pumpkin_pie":2,"minecraft:tuff_bricks":34,"minecraft:glow_berries":1,"minecraft:mutton":12,"minecraft:white_wool":6,"minecraft:rail":17,"minecraft:tripwire_hook":8,"minecraft:leather":3,"minecraft:birch_planks":8,"minecraft:waxed_copper_bulb":1,"minecraft:oak_log":21,"minecraft:waxed_copper_block":6,"minecraft:blue_bed":9,"minecraft:apple":7,"minecraft:iron_ingot":40,"minecraft:polished_tuff_slab":1,"minecraft:cooked_chicken":3,"minecraft:iron_sword":5,"minecraft:scaffolding":7,"minecraft:emerald_block":1,"minecraft:sweet_berries":126,"minecraft:dripstone_block":3,"minecraft:gravel":85,"minecraft:spruce_sapling":43,"minecraft:white_bed":1,"minecraft:spruce_log":487,"minecraft:polished_tuff":8,"minecraft:pumpkin_seeds":7,"minecraft:purple_bed":40,"minecraft:stone_axe":1,"minecraft:chainmail_leggings":1,"minecraft:iron_helmet":6,"minecraft:diamond_axe":1,"minecraft:baked_potato":17,"minecraft:chiseled_tuff_bricks":7,"minecraft:black_wool":1,"minecraft:coal":5,"minecraft:hopper":4},"minecraft:crafted":{"minecraft:oak_planks":84,"minecraft:chainmail_helmet":11,"minecraft:lever":2,"minecraft:cooked_mutton":4,"minecraft:glass":17,"minecraft:bow":1,"minecraft:iron_boots":9,"minecraft:chest":2,"minecraft:stone_hoe":1,"minecraft:oak_slab":66,"minecraft:emerald":82,"minecraft:diamond_axe":2,"minecraft:crafting_table":6,"minecraft:spruce_planks":1344,"minecraft:wooden_pickaxe":2,"minecraft:baked_potato":44,"minecraft:smithing_table":1,"minecraft:fletching_table":2,"minecraft:birch_planks":24,"minecraft:dispenser":1,"minecraft:spruce_trapdoor":22,"minecraft:diamond_pickaxe":1,"minecraft:shield":7,"minecraft:stick":2340,"minecraft:iron_pickaxe":2,"minecraft:iron_ingot":24,"minecraft:stone_sword":2,"minecraft:gold_ingot":5,"minecraft:redstone_torch":1,"minecraft:composter":16,"minecraft:shears":1,"minecraft:stone_shovel":4,"minecraft:tripwire_hook":2,"minecraft:spruce_button":1,"minecraft:furnace":9,"minecraft:iron_axe":1,"minecraft:spruce_slab":54,"minecraft:stone_pickaxe":2,"minecraft:spruce_boat":4,"minecraft:chainmail_leggings":12,"minecraft:minecart":1,"minecraft:powered_rail":6,"minecraft:iron_sword":2,"minecraft:bucket":1,"minecraft:stone_axe":14,"minecraft:bread":31,"minecraft:air":0,"minecraft:iron_leggings":1,"minecraft:white_bed":1,"minecraft:torch":16,"minecraft:diamond_chestplate":1},"minecraft:broken":{"minecraft:stone_axe":1,"minecraft:iron_sword":1,"minecraft:stone_shovel":3,"minecraft:stone_hoe":1,"minecraft:shield":2,"minecraft:iron_pickaxe":2,"minecraft:iron_helmet":1},"minecraft:dropped":{"minecraft:diamond_axe":1,"minecraft:baked_potato":16,"minecraft:ender_pearl":4,"minecraft:diamond":33,"minecraft:crafting_table":1,"minecraft:decorated_pot":4,"minecraft:emerald":7,"minecraft:dirt":1,"minecraft:mutton":3,"minecraft:scrape_pottery_sherd":3,"minecraft:music_disc_precipice":1,"minecraft:snowball":5,"minecraft:bolt_armor_trim_smithing_template":1,"minecraft:iron_pickaxe":1,"minecraft:chiseled_tuff_bricks":5,"minecraft:cobbled_deepslate":154,"minecraft:wheat":2,"minecraft:rotten_flesh":33,"minecraft:honey_bottle":2,"minecraft:white_bed":1,"minecraft:waxed_copper_block":5,"minecraft:wind_charge":40,"minecraft:tipped_arrow":36,"minecraft:red_candle":7,"minecraft:gunpowder":3,"minecraft:breeze_rod":12,"minecraft:arrow":37,"minecraft:glass":10,"minecraft:beef":1,"minecraft:scaffolding":6,"minecraft:splash_potion":5,"minecraft:enchanted_book":6,"minecraft:stone_hoe":3,"minecraft:iron_ingot":3,"minecraft:bread":53,"minecraft:golden_axe":1,"minecraft:cobblestone":128,"minecraft:waxed_copper_grate":1,"minecraft:polished_tuff":6,"minecraft:ominous_trial_key":1,"minecraft:wooden_axe":5,"minecraft:waxed_copper_bulb":1,"minecraft:fire_charge":17,"minecraft:potion":1,"minecraft:iron_leggings":1,"minecraft:string":11,"minecraft:tuff_bricks":28,"minecraft:sweet_berries":1,"minecraft:flow_pottery_sherd":2,"minecraft:stone_sword":1,"minecraft:polished_tuff_slab":1,"minecraft:tuff":9,"minecraft:raw_iron":86,"minecraft:name_tag":1,"minecraft:shield":5,"minecraft:trial_key":1,"minecraft:diamond_chestplate":1,"minecraft:spruce_planks":10,"minecraft:iron_chestplate":1,"minecraft:andesite":10,"minecraft:golden_leggings":1,"minecraft:waxed_oxidized_cut_copper":1,"minecraft:barrel":3,"minecraft:bow":4,"minecraft:stone_pickaxe":1,"minecraft:wooden_pickaxe":1,"minecraft:raw_gold":8,"minecraft:waxed_oxidized_copper_grate":2,"minecraft:brick":156,"minecraft:guster_pottery_sherd":3},"minecraft:used":{"minecraft:tuff_bricks":6,"minecraft:dispenser":3,"minecraft:decorated_pot":3,"minecraft:chest":11,"minecraft:shield":128,"minecraft:iron_sword":299,"minecraft:rotten_flesh":1,"minecraft:waxed_oxidized_chiseled_copper":1,"minecraft:waxed_copper_grate":2,"minecraft:tuff":2,"minecraft:spruce_boat":8,"minecraft:glass":9,"minecraft:waxed_oxidized_copper_grate":1,"minecraft:iron_helmet":1,"minecraft:scaffolding":1,"minecraft:sweet_berries":54,"minecraft:furnace":9,"minecraft:potato":178,"minecraft:diorite":8,"minecraft:stone_pickaxe":217,"minecraft:powered_rail":3,"minecraft:wooden_pickaxe":38,"minecraft:composter":21,"minecraft:blue_bed":5,"minecraft:diamond_axe":300,"minecraft:golden_apple":1,"minecraft:glow_berries":1,"minecraft:shears":4,"minecraft:polished_tuff":2,"minecraft:redstone_torch":1,"minecraft:lever":5,"minecraft:bread":29,"minecraft:string":23,"minecraft:gravel":7,"minecraft:chiseled_tuff_bricks":2,"minecraft:grindstone":7,"minecraft:smithing_table":1,"minecraft:andesite":1,"minecraft:stone_sword":41,"minecraft:stone_shovel":488,"minecraft:spruce_planks":35,"minecraft:stone_hoe":131,"minecraft:cooked_chicken":3,"minecraft:trial_key":7,"minecraft:torch":30,"minecraft:dirt":499,"minecraft:iron_axe":172,"minecraft:spruce_button":2,"minecraft:tripwire_hook":8,"minecraft:cooked_beef":1,"minecraft:cobbled_deepslate":27,"minecraft:wheat_seeds":1,"minecraft:cooked_mutton":7,"minecraft:water_bucket":94,"minecraft:baked_potato":39,"minecraft:fletching_table":7,"minecraft:waxed_copper_block":1,"minecraft:mossy_cobblestone":10,"minecraft:rail":19,"minecraft:crafting_table":17,"minecraft:white_bed":1,"minecraft:spruce_log":3,"minecraft:apple":7,"minecraft:ominous_trial_key":1,"minecraft:iron_pickaxe":1281,"minecraft:spruce_trapdoor":57,"minecraft:spruce_sapling":24,"minecraft:stone_axe":143,"minecraft:potion":1,"minecraft:cobblestone":332,"minecraft:purple_bed":36,"minecraft:bucket":94,"minecraft:pumpkin_pie":2,"minecraft:splash_potion":1}},"DataVersion":4082}