{"stats":{"minecraft:killed_by":{"minecraft:zombie":1},"minecraft:killed":{"minecraft:pig":2,"minecraft:salmon":11,"minecraft:spider":2,"minecraft:skeleton":2,"minecraft:sheep":4,"minecraft:zombie":7,"minecraft:chicken":8,"minecraft:cow":2},"minecraft:custom":{"minecraft:interact_with_furnace":18,"minecraft:mob_kills":38,"minecraft:animals_bred":2,"minecraft:traded_with_villager":6,"minecraft:interact_with_crafting_table":15,"minecraft:interact_with_campfire":4,"minecraft:bell_ring":6,"minecraft:interact_with_grindstone":2,"minecraft:leave_game":3,"minecraft:time_since_death":57706,"minecraft:sleep_in_bed":4,"minecraft:damage_resisted":1372,"minecraft:time_since_rest":1622,"minecraft:sprint_one_cm":202024,"minecraft:damage_taken":665,"minecraft:walk_one_cm":268361,"minecraft:damage_blocked_by_shield":1020,"minecraft:drop":17,"minecraft:damage_dealt":3614,"minecraft:swim_one_cm":18852,"minecraft:talked_to_villager":24,"minecraft:fly_one_cm":97672,"minecraft:open_chest":15,"minecraft:deaths":1,"minecraft:crouch_one_cm":948,"minecraft:play_time":76460,"minecraft:sneak_time":305,"minecraft:walk_under_water_one_cm":15815,"minecraft:jump":1273,"minecraft:walk_on_water_one_cm":12383,"minecraft:total_world_time":76460,"minecraft:fall_one_cm":32071},"minecraft:mined":{"minecraft:white_bed":2,"minecraft:farmland":1,"minecraft:crafting_table":5,"minecraft:cornflower":42,"minecraft:torch":2,"minecraft:short_grass":43,"minecraft:poppy":1,"minecraft:grass_block":46,"minecraft:rose_bush":4,"minecraft:campfire":1,"minecraft:copper_ore":2,"minecraft:cobblestone":4,"minecraft:grindstone":6,"minecraft:composter":1,"minecraft:diorite":2,"minecraft:wall_torch":1,"minecraft:large_fern":2,"minecraft:purple_bed":1,"minecraft:furnace":6,"minecraft:sweet_berry_bush":10,"minecraft:birch_log":17,"minecraft:iron_ore":4,"minecraft:wheat":11,"minecraft:lilac":6,"minecraft:birch_leaves":8,"minecraft:pumpkin_stem":3,"minecraft:pumpkin":1,"minecraft:peony":3,"minecraft:potatoes":7,"minecraft:coal_ore":111,"minecraft:pointed_dripstone":1,"minecraft:oak_log":40,"minecraft:dirt_path":2,"minecraft:gravel":12,"minecraft:dripstone_block":13,"minecraft:dirt":82,"minecraft:stone":250,"minecraft:oak_leaves":62},"minecraft:picked_up":{"minecraft:birch_log":17,"minecraft:iron_chestplate":1,"minecraft:charcoal":2,"minecraft:crafting_table":6,"minecraft:wheat":9,"minecraft:feather":8,"minecraft:lilac":5,"minecraft:chicken":8,"minecraft:salmon":11,"minecraft:leather":3,"minecraft:potato":15,"minecraft:flint":1,"minecraft:oak_log":37,"minecraft:dirt":91,"minecraft:cornflower":39,"minecraft:string":3,"minecraft:raw_copper":20,"minecraft:armor_stand":2,"minecraft:bone":4,"minecraft:apple":1,"minecraft:wheat_seeds":35,"minecraft:stone_pickaxe":1,"minecraft:grindstone":5,"minecraft:beef":4,"minecraft:iron_ingot":3,"minecraft:rose_bush":3,"minecraft:oak_planks":31,"minecraft:egg":2,"minecraft:furnace":6,"minecraft:stick":4,"minecraft:raw_iron":6,"minecraft:sweet_berries":16,"minecraft:composter":1,"minecraft:torch":1,"minecraft:dripstone_block":12,"minecraft:gravel":10,"minecraft:porkchop":5,"minecraft:white_bed":2,"minecraft:pointed_dripstone":4,"minecraft:diorite":4,"minecraft:pumpkin_seeds":2,"minecraft:arrow":5,"minecraft:rotten_flesh":6,"minecraft:purple_bed":1,"minecraft:peony":3,"minecraft:iron_helmet":1,"minecraft:oak_sapling":2,"minecraft:mutton":6,"minecraft:coal":173,"minecraft:white_wool":4,"minecraft:cobblestone":198},"minecraft:crafted":{"minecraft:oak_slab":6,"minecraft:oak_planks":120,"minecraft:emerald":5,"minecraft:cooked_porkchop":5,"minecraft:crafting_table":2,"minecraft:iron_sword":1,"minecraft:cooked_chicken":6,"minecraft:wooden_pickaxe":2,"minecraft:furnace":2,"minecraft:bone_meal":6,"minecraft:stone_axe":2,"minecraft:cooked_mutton":4,"minecraft:air":0,"minecraft:shield":1,"minecraft:stick":44,"minecraft:stone_pickaxe":4,"minecraft:stone_sword":1,"minecraft:white_bed":1,"minecraft:torch":28,"minecraft:magenta_dye":4},"minecraft:dropped":{"minecraft:sweet_berries":3,"minecraft:wheat_seeds":19,"minecraft:raw_copper":10,"minecraft:dripstone_block":12,"minecraft:pointed_dripstone":4,"minecraft:rotten_flesh":1,"minecraft:cobblestone":31,"minecraft:oak_planks":31,"minecraft:diorite":4,"minecraft:peony":3,"minecraft:stone_pickaxe":1},"minecraft:used":{"minecraft:cooked_mutton":2,"minecraft:stone_sword":15,"minecraft:rose_bush":3,"minecraft:stone_pickaxe":406,"minecraft:oak_planks":2,"minecraft:shield":20,"minecraft:wooden_pickaxe":36,"minecraft:iron_sword":55,"minecraft:rotten_flesh":1,"minecraft:torch":7,"minecraft:dirt":53,"minecraft:crafting_table":6,"minecraft:white_bed":2,"minecraft:apple":1,"minecraft:gravel":10,"minecraft:stone_axe":153,"minecraft:cobblestone":44,"minecraft:beef":2,"minecraft:grindstone":5,"minecraft:furnace":6,"minecraft:cooked_porkchop":5,"minecraft:egg":2,"minecraft:potato":7,"minecraft:bone_meal":6},"minecraft:broken":{"minecraft:stone_pickaxe":2,"minecraft:stone_axe":1}},"DataVersion":4082}