{"stats":{"minecraft:killed_by":{"minecraft:zombie":1},"minecraft:killed":{"minecraft:pig":2,"minecraft:salmon":11,"minecraft:spider":1,"minecraft:sheep":3,"minecraft:zombie":6,"minecraft:chicken":7,"minecraft:cow":2},"minecraft:custom":{"minecraft:interact_with_furnace":18,"minecraft:mob_kills":32,"minecraft:animals_bred":2,"minecraft:traded_with_villager":1,"minecraft:interact_with_crafting_table":15,"minecraft:interact_with_campfire":4,"minecraft:leave_game":3,"minecraft:time_since_death":45706,"minecraft:sleep_in_bed":3,"minecraft:damage_resisted":1006,"minecraft:time_since_rest":11152,"minecraft:sprint_one_cm":155425,"minecraft:damage_taken":665,"minecraft:walk_one_cm":223457,"minecraft:damage_blocked_by_shield":720,"minecraft:drop":16,"minecraft:damage_dealt":2723,"minecraft:swim_one_cm":18852,"minecraft:talked_to_villager":15,"minecraft:fly_one_cm":61593,"minecraft:open_chest":8,"minecraft:deaths":1,"minecraft:crouch_one_cm":634,"minecraft:play_time":64460,"minecraft:sneak_time":250,"minecraft:walk_under_water_one_cm":15815,"minecraft:jump":1050,"minecraft:walk_on_water_one_cm":12357,"minecraft:total_world_time":64460,"minecraft:fall_one_cm":24297},"minecraft:mined":{"minecraft:white_bed":2,"minecraft:farmland":1,"minecraft:crafting_table":5,"minecraft:cornflower":2,"minecraft:torch":2,"minecraft:short_grass":41,"minecraft:poppy":1,"minecraft:grass_block":38,"minecraft:rose_bush":4,"minecraft:campfire":1,"minecraft:copper_ore":2,"minecraft:cobblestone":2,"minecraft:grindstone":1,"minecraft:diorite":2,"minecraft:wall_torch":1,"minecraft:large_fern":1,"minecraft:purple_bed":1,"minecraft:furnace":6,"minecraft:sweet_berry_bush":10,"minecraft:birch_log":17,"minecraft:iron_ore":4,"minecraft:wheat":4,"minecraft:lilac":6,"minecraft:birch_leaves":8,"minecraft:pumpkin_stem":3,"minecraft:pumpkin":1,"minecraft:peony":3,"minecraft:coal_ore":107,"minecraft:pointed_dripstone":1,"minecraft:oak_log":39,"minecraft:dirt_path":1,"minecraft:gravel":12,"minecraft:dripstone_block":13,"minecraft:dirt":82,"minecraft:stone":235,"minecraft:oak_leaves":52},"minecraft:picked_up":{"minecraft:birch_log":17,"minecraft:iron_chestplate":1,"minecraft:charcoal":2,"minecraft:crafting_table":6,"minecraft:wheat":3,"minecraft:feather":8,"minecraft:lilac":5,"minecraft:chicken":7,"minecraft:salmon":11,"minecraft:leather":3,"minecraft:flint":1,"minecraft:oak_log":37,"minecraft:dirt":86,"minecraft:cornflower":2,"minecraft:string":1,"minecraft:raw_copper":20,"minecraft:armor_stand":2,"minecraft:bone":2,"minecraft:apple":1,"minecraft:wheat_seeds":17,"minecraft:stone_pickaxe":1,"minecraft:grindstone":1,"minecraft:beef":4,"minecraft:iron_ingot":3,"minecraft:rose_bush":3,"minecraft:oak_planks":31,"minecraft:egg":2,"minecraft:furnace":6,"minecraft:stick":4,"minecraft:raw_iron":6,"minecraft:sweet_berries":16,"minecraft:torch":1,"minecraft:dripstone_block":12,"minecraft:gravel":10,"minecraft:porkchop":5,"minecraft:white_bed":2,"minecraft:pointed_dripstone":4,"minecraft:diorite":4,"minecraft:pumpkin_seeds":2,"minecraft:arrow":1,"minecraft:rotten_flesh":5,"minecraft:purple_bed":1,"minecraft:peony":3,"minecraft:iron_helmet":1,"minecraft:oak_sapling":2,"minecraft:mutton":4,"minecraft:coal":169,"minecraft:white_wool":3,"minecraft:cobblestone":189},"minecraft:crafted":{"minecraft:oak_slab":6,"minecraft:oak_planks":120,"minecraft:emerald":1,"minecraft:cooked_porkchop":5,"minecraft:crafting_table":2,"minecraft:cooked_chicken":6,"minecraft:wooden_pickaxe":2,"minecraft:furnace":2,"minecraft:stone_axe":2,"minecraft:cooked_mutton":4,"minecraft:air":0,"minecraft:shield":1,"minecraft:stick":44,"minecraft:stone_pickaxe":4,"minecraft:stone_sword":1,"minecraft:white_bed":1,"minecraft:torch":28,"minecraft:magenta_dye":4},"minecraft:dropped":{"minecraft:sweet_berries":3,"minecraft:wheat_seeds":1,"minecraft:raw_copper":10,"minecraft:dripstone_block":12,"minecraft:pointed_dripstone":4,"minecraft:rotten_flesh":1,"minecraft:cobblestone":31,"minecraft:oak_planks":31,"minecraft:diorite":4,"minecraft:peony":3,"minecraft:stone_pickaxe":1},"minecraft:used":{"minecraft:cooked_mutton":2,"minecraft:stone_sword":15,"minecraft:rose_bush":3,"minecraft:stone_pickaxe":372,"minecraft:shield":15,"minecraft:wooden_pickaxe":36,"minecraft:rotten_flesh":1,"minecraft:torch":7,"minecraft:dirt":53,"minecraft:crafting_table":6,"minecraft:white_bed":2,"minecraft:apple":1,"minecraft:gravel":10,"minecraft:stone_axe":139,"minecraft:cobblestone":44,"minecraft:beef":2,"minecraft:grindstone":1,"minecraft:furnace":6,"minecraft:cooked_porkchop":4,"minecraft:egg":2,"minecraft:potato":7},"minecraft:broken":{"minecraft:stone_pickaxe":2}},"DataVersion":4082}