{"stats":{"minecraft:killed_by":{"minecraft:zombie":1},"minecraft:killed":{"minecraft:spider":3,"minecraft:skeleton":4,"minecraft:chicken":9,"minecraft:pig":2,"minecraft:salmon":11,"minecraft:creeper":1,"minecraft:sheep":8,"minecraft:zombie":10,"minecraft:cow":2},"minecraft:custom":{"minecraft:mob_kills":50,"minecraft:animals_bred":2,"minecraft:interact_with_crafting_table":34,"minecraft:interact_with_campfire":4,"minecraft:bell_ring":8,"minecraft:leave_game":7,"minecraft:time_since_death":155738,"minecraft:damage_resisted":6739,"minecraft:sprint_one_cm":265648,"minecraft:walk_one_cm":653301,"minecraft:damage_blocked_by_shield":1490,"minecraft:drop":78,"minecraft:talked_to_villager":25,"minecraft:play_time":174492,"minecraft:deaths":1,"minecraft:sneak_time":1389,"minecraft:walk_under_water_one_cm":21229,"minecraft:jump":2146,"minecraft:interact_with_blast_furnace":12,"minecraft:walk_on_water_one_cm":16373,"minecraft:total_world_time":174492,"minecraft:interact_with_furnace":106,"minecraft:traded_with_villager":6,"minecraft:interact_with_stonecutter":26,"minecraft:interact_with_grindstone":2,"minecraft:sleep_in_bed":6,"minecraft:time_since_rest":45060,"minecraft:damage_taken":665,"minecraft:minecart_one_cm":452,"minecraft:damage_dealt":5559,"minecraft:swim_one_cm":18974,"minecraft:fly_one_cm":125414,"minecraft:open_chest":42,"minecraft:crouch_one_cm":3942,"minecraft:fall_one_cm":50097},"minecraft:mined":{"minecraft:white_bed":2,"minecraft:farmland":2,"minecraft:glow_lichen":1,"minecraft:granite":50,"minecraft:grass_block":50,"minecraft:spruce_leaves":2,"minecraft:composter":5,"minecraft:oxeye_daisy":1,"minecraft:large_fern":2,"minecraft:furnace":10,"minecraft:iron_ore":18,"minecraft:pumpkin":1,"minecraft:peony":3,"minecraft:pointed_dripstone":10,"minecraft:potatoes":11,"minecraft:dirt_path":2,"minecraft:rail":18,"minecraft:stone":1352,"minecraft:red_bed":2,"minecraft:crafting_table":10,"minecraft:cornflower":46,"minecraft:torch":2,"minecraft:short_grass":46,"minecraft:blast_furnace":4,"minecraft:emerald_ore":1,"minecraft:poppy":1,"minecraft:rose_bush":4,"minecraft:campfire":1,"minecraft:cobblestone":32,"minecraft:copper_ore":2,"minecraft:tall_grass":2,"minecraft:grindstone":6,"minecraft:diorite":20,"minecraft:blue_bed":2,"minecraft:wall_torch":4,"minecraft:purple_bed":4,"minecraft:birch_log":17,"minecraft:sweet_berry_bush":14,"minecraft:wheat":11,"minecraft:lilac":6,"minecraft:birch_leaves":8,"minecraft:pumpkin_stem":3,"minecraft:oak_log":40,"minecraft:coal_ore":268,"minecraft:dripstone_block":49,"minecraft:gravel":121,"minecraft:dirt":136,"minecraft:stonecutter":1,"minecraft:stone_bricks":1,"minecraft:oak_leaves":62},"minecraft:picked_up":{"minecraft:charcoal":4,"minecraft:crafting_table":11,"minecraft:iron_chestplate":1,"minecraft:wheat":9,"minecraft:chicken":9,"minecraft:cornflower":46,"minecraft:red_bed":2,"minecraft:string":3,"minecraft:raw_copper":20,"minecraft:armor_stand":2,"minecraft:beef":4,"minecraft:rose_bush":3,"minecraft:poppy":3,"minecraft:iron_pickaxe":2,"minecraft:minecart":2,"minecraft:furnace":10,"minecraft:egg":2,"minecraft:raw_iron":20,"minecraft:stick":4,"minecraft:stone":36,"minecraft:composter":4,"minecraft:torch":5,"minecraft:porkchop":5,"minecraft:pointed_dripstone":23,"minecraft:diorite":9,"minecraft:arrow":65,"minecraft:rotten_flesh":6,"minecraft:peony":3,"minecraft:mutton":12,"minecraft:rail":60,"minecraft:white_wool":7,"minecraft:cobblestone":923,"minecraft:oxeye_daisy":1,"minecraft:birch_log":17,"minecraft:feather":18,"minecraft:lilac":5,"minecraft:salmon":11,"minecraft:leather":3,"minecraft:potato":25,"minecraft:flint":8,"minecraft:oak_log":37,"minecraft:cobblestone_stairs":18,"minecraft:blue_bed":2,"minecraft:dirt":124,"minecraft:bone":6,"minecraft:apple":1,"minecraft:stone_bricks":2,"minecraft:stonecutter":1,"minecraft:bow":1,"minecraft:wheat_seeds":35,"minecraft:iron_ingot":3,"minecraft:grindstone":5,"minecraft:stone_pickaxe":1,"minecraft:oak_planks":31,"minecraft:sweet_berries":20,"minecraft:chiseled_stone_bricks":2,"minecraft:dripstone_block":35,"minecraft:gravel":93,"minecraft:blast_furnace":4,"minecraft:white_bed":2,"minecraft:pumpkin_seeds":2,"minecraft:purple_bed":4,"minecraft:diamond":9,"minecraft:iron_helmet":1,"minecraft:granite":42,"minecraft:diamond_axe":1,"minecraft:oak_sapling":2,"minecraft:coal":363},"minecraft:crafted":{"minecraft:oak_planks":120,"minecraft:cooked_chicken":6,"minecraft:furnace":2,"minecraft:stone":461,"minecraft:bone_meal":6,"minecraft:cooked_mutton":12,"minecraft:stone_pickaxe":9,"minecraft:stone_pressure_plate":2,"minecraft:iron_door":3,"minecraft:chiseled_stone_bricks":13,"minecraft:magenta_dye":4,"minecraft:stone_bricks":4,"minecraft:oak_slab":6,"minecraft:emerald":5,"minecraft:cooked_porkchop":5,"minecraft:crafting_table":2,"minecraft:wooden_pickaxe":2,"minecraft:iron_sword":1,"minecraft:stone_axe":2,"minecraft:air":0,"minecraft:stone_brick_stairs":17,"minecraft:wooden_hoe":1,"minecraft:shield":1,"minecraft:stick":72,"minecraft:iron_ingot":15,"minecraft:iron_pickaxe":3,"minecraft:stone_sword":1,"minecraft:stonecutter":1,"minecraft:white_bed":1,"minecraft:torch":44},"minecraft:broken":{"minecraft:wooden_pickaxe":1,"minecraft:stone_pickaxe":8,"minecraft:stone_axe":1,"minecraft:iron_pickaxe":3},"minecraft:used":{"minecraft:rose_bush":3,"minecraft:stone_sword":15,"minecraft:shield":25,"minecraft:stone":75,"minecraft:iron_sword":78,"minecraft:rotten_flesh":1,"minecraft:torch":23,"minecraft:dirt":73,"minecraft:granite":6,"minecraft:stone_brick_stairs":51,"minecraft:stone_bricks":110,"minecraft:beef":2,"minecraft:sweet_berries":12,"minecraft:furnace":11,"minecraft:minecart":1,"minecraft:egg":2,"minecraft:stone_pressure_plate":2,"minecraft:potato":18,"minecraft:pointed_dripstone":2,"minecraft:cooked_mutton":2,"minecraft:diorite":1,"minecraft:stone_pickaxe":1095,"minecraft:oak_planks":2,"minecraft:wooden_pickaxe":78,"minecraft:composter":4,"minecraft:blue_bed":2,"minecraft:stonecutter":2,"minecraft:diamond_axe":22,"minecraft:salmon":1,"minecraft:rail":44,"minecraft:crafting_table":12,"minecraft:blast_furnace":4,"minecraft:red_bed":2,"minecraft:white_bed":2,"minecraft:wooden_hoe":50,"minecraft:cornflower":33,"minecraft:apple":1,"minecraft:bread":3,"minecraft:iron_pickaxe":801,"minecraft:iron_door":2,"minecraft:gravel":10,"minecraft:stone_axe":153,"minecraft:chiseled_stone_bricks":205,"minecraft:cobblestone":153,"minecraft:purple_bed":3,"minecraft:cooked_porkchop":5,"minecraft:grindstone":5,"minecraft:bone_meal":6},"minecraft:dropped":{"minecraft:bread":8,"minecraft:wheat_seeds":19,"minecraft:dripstone_block":12,"minecraft:feather":18,"minecraft:cobblestone":39,"minecraft:rail":14,"minecraft:oxeye_daisy":1,"minecraft:diorite":4,"minecraft:torch":2,"minecraft:cornflower":7,"minecraft:iron_pickaxe":1,"minecraft:sweet_berries":7,"minecraft:raw_copper":10,"minecraft:pointed_dripstone":5,"minecraft:rotten_flesh":1,"minecraft:oak_planks":31,"minecraft:chiseled_stone_bricks":1,"minecraft:potato":15,"minecraft:peony":3,"minecraft:charcoal":2,"minecraft:stone_bricks":1,"minecraft:stone_pickaxe":1}},"DataVersion":4082}