{"stats":{"minecraft:killed_by":{"minecraft:zombie":1},"minecraft:killed":{"minecraft:spider":3,"minecraft:skeleton":4,"minecraft:chicken":9,"minecraft:pig":2,"minecraft:salmon":11,"minecraft:sheep":8,"minecraft:zombie":7,"minecraft:cow":2},"minecraft:custom":{"minecraft:mob_kills":46,"minecraft:animals_bred":2,"minecraft:interact_with_crafting_table":20,"minecraft:interact_with_campfire":4,"minecraft:bell_ring":8,"minecraft:leave_game":7,"minecraft:time_since_death":71738,"minecraft:damage_resisted":1962,"minecraft:sprint_one_cm":221040,"minecraft:walk_one_cm":296737,"minecraft:damage_blocked_by_shield":1140,"minecraft:drop":25,"minecraft:talked_to_villager":25,"minecraft:play_time":90492,"minecraft:deaths":1,"minecraft:sneak_time":413,"minecraft:walk_under_water_one_cm":16387,"minecraft:jump":1462,"minecraft:interact_with_blast_furnace":2,"minecraft:walk_on_water_one_cm":13069,"minecraft:total_world_time":90492,"minecraft:interact_with_furnace":19,"minecraft:traded_with_villager":6,"minecraft:interact_with_grindstone":2,"minecraft:sleep_in_bed":4,"minecraft:time_since_rest":15654,"minecraft:damage_taken":665,"minecraft:damage_dealt":4504,"minecraft:swim_one_cm":18974,"minecraft:fly_one_cm":112952,"minecraft:open_chest":20,"minecraft:crouch_one_cm":1241,"minecraft:fall_one_cm":38260},"minecraft:mined":{"minecraft:white_bed":2,"minecraft:farmland":1,"minecraft:glow_lichen":1,"minecraft:granite":2,"minecraft:grass_block":49,"minecraft:spruce_leaves":2,"minecraft:composter":1,"minecraft:large_fern":2,"minecraft:furnace":6,"minecraft:iron_ore":18,"minecraft:pumpkin":1,"minecraft:peony":3,"minecraft:pointed_dripstone":2,"minecraft:potatoes":7,"minecraft:dirt_path":2,"minecraft:stone":465,"minecraft:crafting_table":8,"minecraft:cornflower":42,"minecraft:torch":2,"minecraft:short_grass":43,"minecraft:poppy":1,"minecraft:rose_bush":4,"minecraft:campfire":1,"minecraft:cobblestone":6,"minecraft:copper_ore":2,"minecraft:tall_grass":2,"minecraft:grindstone":6,"minecraft:diorite":11,"minecraft:wall_torch":1,"minecraft:purple_bed":1,"minecraft:birch_log":17,"minecraft:sweet_berry_bush":10,"minecraft:wheat":11,"minecraft:lilac":6,"minecraft:birch_leaves":8,"minecraft:pumpkin_stem":3,"minecraft:oak_log":40,"minecraft:coal_ore":194,"minecraft:dripstone_block":22,"minecraft:gravel":28,"minecraft:dirt":85,"minecraft:oak_leaves":62},"minecraft:picked_up":{"minecraft:charcoal":4,"minecraft:crafting_table":9,"minecraft:iron_chestplate":1,"minecraft:wheat":9,"minecraft:chicken":9,"minecraft:cornflower":39,"minecraft:string":3,"minecraft:raw_copper":20,"minecraft:armor_stand":2,"minecraft:beef":4,"minecraft:rose_bush":3,"minecraft:furnace":6,"minecraft:egg":2,"minecraft:raw_iron":20,"minecraft:stick":4,"minecraft:composter":1,"minecraft:torch":2,"minecraft:porkchop":5,"minecraft:pointed_dripstone":14,"minecraft:diorite":7,"minecraft:arrow":65,"minecraft:rotten_flesh":6,"minecraft:peony":3,"minecraft:mutton":12,"minecraft:white_wool":7,"minecraft:cobblestone":298,"minecraft:birch_log":17,"minecraft:feather":18,"minecraft:lilac":5,"minecraft:salmon":11,"minecraft:leather":3,"minecraft:potato":15,"minecraft:flint":1,"minecraft:oak_log":37,"minecraft:dirt":95,"minecraft:bone":6,"minecraft:apple":1,"minecraft:bow":1,"minecraft:wheat_seeds":35,"minecraft:iron_ingot":3,"minecraft:grindstone":5,"minecraft:stone_pickaxe":1,"minecraft:oak_planks":31,"minecraft:sweet_berries":16,"minecraft:dripstone_block":20,"minecraft:gravel":10,"minecraft:white_bed":2,"minecraft:pumpkin_seeds":2,"minecraft:purple_bed":1,"minecraft:iron_helmet":1,"minecraft:diamond_axe":1,"minecraft:oak_sapling":2,"minecraft:coal":244},"minecraft:crafted":{"minecraft:oak_planks":120,"minecraft:cooked_chicken":6,"minecraft:furnace":2,"minecraft:bone_meal":6,"minecraft:cooked_mutton":4,"minecraft:stone_pickaxe":9,"minecraft:magenta_dye":4,"minecraft:oak_slab":6,"minecraft:emerald":5,"minecraft:cooked_porkchop":5,"minecraft:crafting_table":2,"minecraft:wooden_pickaxe":2,"minecraft:iron_sword":1,"minecraft:stone_axe":2,"minecraft:air":0,"minecraft:shield":1,"minecraft:stick":52,"minecraft:stone_sword":1,"minecraft:white_bed":1,"minecraft:torch":28},"minecraft:broken":{"minecraft:wooden_pickaxe":1,"minecraft:stone_pickaxe":5,"minecraft:stone_axe":1},"minecraft:dropped":{"minecraft:wheat_seeds":19,"minecraft:dripstone_block":12,"minecraft:feather":18,"minecraft:cobblestone":35,"minecraft:diorite":4,"minecraft:torch":2,"minecraft:cornflower":1,"minecraft:sweet_berries":3,"minecraft:raw_copper":10,"minecraft:pointed_dripstone":4,"minecraft:rotten_flesh":1,"minecraft:oak_planks":31,"minecraft:peony":3,"minecraft:charcoal":2,"minecraft:stone_pickaxe":1},"minecraft:used":{"minecraft:rose_bush":3,"minecraft:stone_sword":15,"minecraft:shield":22,"minecraft:iron_sword":78,"minecraft:rotten_flesh":1,"minecraft:torch":7,"minecraft:dirt":53,"minecraft:beef":2,"minecraft:furnace":6,"minecraft:egg":2,"minecraft:potato":7,"minecraft:cooked_mutton":2,"minecraft:diorite":1,"minecraft:stone_pickaxe":720,"minecraft:oak_planks":2,"minecraft:wooden_pickaxe":78,"minecraft:diamond_axe":3,"minecraft:salmon":1,"minecraft:crafting_table":9,"minecraft:white_bed":2,"minecraft:apple":1,"minecraft:gravel":10,"minecraft:stone_axe":153,"minecraft:cobblestone":55,"minecraft:cooked_porkchop":5,"minecraft:grindstone":5,"minecraft:bone_meal":6}},"DataVersion":4082}