{"stats":{"minecraft:killed_by":{"minecraft:player":3,"minecraft:iron_golem":1},"minecraft:killed":{"minecraft:skeleton":3,"minecraft:chicken":4,"minecraft:drowned":1,"minecraft:iron_golem":2,"minecraft:zombie":12,"minecraft:villager":12,"minecraft:cow":4},"minecraft:custom":{"minecraft:interact_with_smithing_table":1,"minecraft:mob_kills":45,"minecraft:interact_with_crafting_table":30,"minecraft:bell_ring":12,"minecraft:leave_game":10,"minecraft:time_since_death":50662,"minecraft:sprint_one_cm":401459,"minecraft:walk_one_cm":456286,"minecraft:damage_blocked_by_shield":54,"minecraft:drop":300,"minecraft:talked_to_villager":134,"minecraft:play_time":202913,"minecraft:deaths":8,"minecraft:sneak_time":4403,"minecraft:walk_under_water_one_cm":14946,"minecraft:boat_one_cm":145427,"minecraft:jump":3620,"minecraft:interact_with_blast_furnace":3,"minecraft:walk_on_water_one_cm":38565,"minecraft:total_world_time":202913,"minecraft:interact_with_furnace":2,"minecraft:traded_with_villager":466,"minecraft:interact_with_grindstone":1,"minecraft:sleep_in_bed":9,"minecraft:time_since_rest":12145,"minecraft:damage_taken":3112,"minecraft:damage_dealt":8571,"minecraft:swim_one_cm":54415,"minecraft:player_kills":2,"minecraft:fly_one_cm":1113552,"minecraft:open_chest":57,"minecraft:crouch_one_cm":17387,"minecraft:fall_one_cm":74104},"minecraft:mined":{"minecraft:white_bed":4,"minecraft:brewing_stand":1,"minecraft:granite":22,"minecraft:grass_block":23,"minecraft:spruce_leaves":41,"minecraft:sandstone":4,"minecraft:hay_block":18,"minecraft:pumpkin":2,"minecraft:fletching_table":6,"minecraft:bell":1,"minecraft:dirt_path":3,"minecraft:stone":160,"minecraft:oak_slab":1,"minecraft:oak_fence":3,"minecraft:crafting_table":4,"minecraft:short_grass":56,"minecraft:cobblestone":3,"minecraft:tall_grass":16,"minecraft:oak_planks":6,"minecraft:sugar_cane":11,"minecraft:blue_bed":2,"minecraft:birch_log":25,"minecraft:wheat":2,"minecraft:spruce_log":46,"minecraft:birch_leaves":1,"minecraft:birch_door":1,"minecraft:yellow_bed":7,"minecraft:oak_log":254,"minecraft:coal_ore":7,"minecraft:gravel":128,"minecraft:sand":632,"minecraft:dirt":54,"minecraft:oak_leaves":33,"minecraft:fern":1},"minecraft:picked_up":{"minecraft:wooden_axe":1,"minecraft:crafting_table":4,"minecraft:iron_chestplate":2,"minecraft:birch_door":1,"minecraft:wheat":4,"minecraft:chicken":4,"minecraft:wooden_pickaxe":1,"minecraft:brewing_stand":1,"minecraft:shield":2,"minecraft:cornflower":3,"minecraft:iron_axe":2,"minecraft:wooden_sword":1,"minecraft:iron_leggings":2,"minecraft:iron_shovel":7,"minecraft:diamond_leggings":1,"minecraft:beef":6,"minecraft:iron_pickaxe":2,"minecraft:enchanted_golden_apple":1,"minecraft:sugar_cane":45,"minecraft:iron_boots":1,"minecraft:stick":280,"minecraft:sandstone":2,"minecraft:composter":1,"minecraft:oak_fence":4,"minecraft:torch":1,"minecraft:pointed_dripstone":5,"minecraft:redstone":48,"minecraft:arrow":194,"minecraft:diamond_chestplate":1,"minecraft:rotten_flesh":17,"minecraft:beetroot_seeds":24,"minecraft:diamond_boots":1,"minecraft:hay_block":18,"minecraft:glowstone":12,"minecraft:mutton":3,"minecraft:cobblestone":362,"minecraft:birch_log":25,"minecraft:feather":12,"minecraft:leather":4,"minecraft:potato":8,"minecraft:birch_planks":3,"minecraft:flint":19,"minecraft:oak_log":253,"minecraft:yellow_bed":6,"minecraft:blue_bed":3,"minecraft:lapis_lazuli":24,"minecraft:dirt":112,"minecraft:red_carpet":7,"minecraft:bone":7,"minecraft:apple":1,"minecraft:bow":26,"minecraft:wheat_seeds":12,"minecraft:bell":25,"minecraft:iron_ingot":48,"minecraft:fletching_table":6,"minecraft:diamond_helmet":1,"minecraft:oak_planks":6,"minecraft:iron_sword":2,"minecraft:stone_hoe":1,"minecraft:oak_slab":1,"minecraft:pumpkin":2,"minecraft:dripstone_block":8,"minecraft:gravel":293,"minecraft:birch_fence_gate":1,"minecraft:sand":121,"minecraft:spruce_sapling":9,"minecraft:spruce_log":45,"minecraft:white_bed":2,"minecraft:spruce_boat":1,"minecraft:granite":52,"minecraft:iron_helmet":1,"minecraft:crossbow":10,"minecraft:diamond_axe":4,"minecraft:bread":87,"minecraft:emerald":22,"minecraft:oak_sapling":20,"minecraft:coal":16},"minecraft:crafted":{"minecraft:wooden_sword":1,"minecraft:oak_planks":1024,"minecraft:redstone":48,"minecraft:cooked_chicken":4,"minecraft:furnace":1,"minecraft:bone_meal":6,"minecraft:iron_boots":1,"minecraft:diamond_helmet":1,"minecraft:diamond_leggings":1,"minecraft:bow":53,"minecraft:iron_axe":13,"minecraft:birch_fence_gate":2,"minecraft:stone_pickaxe":10,"minecraft:chest":5,"minecraft:diamond_boots":1,"minecraft:spruce_boat":1,"minecraft:birch_door":3,"minecraft:stone_hoe":1,"minecraft:oak_fence":15,"minecraft:chainmail_leggings":12,"minecraft:wheat":162,"minecraft:oak_slab":12,"minecraft:crossbow":49,"minecraft:arrow":400,"minecraft:emerald":99,"minecraft:diamond_axe":6,"minecraft:crafting_table":4,"minecraft:spruce_planks":180,"minecraft:wooden_pickaxe":1,"minecraft:iron_helmet":1,"minecraft:bell":38,"minecraft:smithing_table":1,"minecraft:fletching_table":3,"minecraft:bucket":3,"minecraft:birch_planks":100,"minecraft:glowstone":12,"minecraft:bread":32,"minecraft:air":0,"minecraft:iron_chestplate":45,"minecraft:shield":25,"minecraft:birch_fence":3,"minecraft:stick":2304,"minecraft:chainmail_boots":24,"minecraft:iron_pickaxe":2,"minecraft:wooden_axe":1,"minecraft:iron_shovel":7,"minecraft:iron_leggings":1,"minecraft:torch":12,"minecraft:lapis_lazuli":24,"minecraft:diamond_chestplate":1},"minecraft:used":{"minecraft:oak_fence":19,"minecraft:oak_trapdoor":9,"minecraft:iron_shovel":828,"minecraft:flint_and_steel":1,"minecraft:tadpole_spawn_egg":1,"minecraft:chest":14,"minecraft:shield":3,"minecraft:iron_sword":207,"minecraft:bell":1,"minecraft:stone_hoe":30,"minecraft:cooked_chicken":3,"minecraft:iron_chestplate":1,"minecraft:torch":13,"minecraft:brewing_stand":5,"minecraft:dirt":205,"minecraft:skeleton_spawn_egg":1,"minecraft:white_carpet":7,"minecraft:granite":43,"minecraft:birch_door":4,"minecraft:spruce_boat":2,"minecraft:wooden_axe":38,"minecraft:ravager_spawn_egg":1,"minecraft:villager_spawn_egg":13,"minecraft:grass_block":2,"minecraft:iron_axe":344,"minecraft:iron_boots":1,"minecraft:red_carpet":26,"minecraft:bow":26,"minecraft:wolf_spawn_egg":4,"minecraft:furnace":3,"minecraft:potato":34,"minecraft:wheat_seeds":11,"minecraft:water_bucket":7,"minecraft:birch_planks":17,"minecraft:oak_planks":202,"minecraft:composter":1,"minecraft:wooden_pickaxe":21,"minecraft:sugar_cane":30,"minecraft:diamond_axe":21,"minecraft:vindicator_spawn_egg":1,"minecraft:fletching_table":19,"minecraft:blue_bed":3,"minecraft:sand":1,"minecraft:oak_slab":6,"minecraft:tnt":5,"minecraft:crafting_table":8,"minecraft:red_bed":1,"minecraft:blast_furnace":16,"minecraft:crossbow":2,"minecraft:dripstone_block":6,"minecraft:white_bed":5,"minecraft:birch_fence":3,"minecraft:birch_fence_gate":3,"minecraft:bread":31,"minecraft:iron_pickaxe":180,"minecraft:gravel":78,"minecraft:evoker_spawn_egg":1,"minecraft:wooden_sword":25,"minecraft:cobblestone":108,"minecraft:purple_bed":1,"minecraft:grindstone":6,"minecraft:smithing_table":3,"minecraft:bucket":7,"minecraft:yellow_bed":10,"minecraft:bone_meal":6},"minecraft:dropped":{"minecraft:iron_ingot":1,"minecraft:diamond_axe":5,"minecraft:crafting_table":1,"minecraft:crossbow":57,"minecraft:iron_helmet":1,"minecraft:cobblestone":24,"minecraft:granite":28,"minecraft:stick":512,"minecraft:flint":2,"minecraft:emerald":6,"minecraft:dirt":4,"minecraft:cornflower":1,"minecraft:iron_leggings":2,"minecraft:sand":121,"minecraft:iron_axe":12,"minecraft:iron_pickaxe":1,"minecraft:iron_shovel":4,"minecraft:chainmail_leggings":12,"minecraft:bone":2,"minecraft:gravel":27,"minecraft:sugar_cane":1,"minecraft:wheat":131,"minecraft:rotten_flesh":3,"minecraft:iron_boots":1,"minecraft:totem_of_undying":1,"minecraft:filled_map":1,"minecraft:shield":24,"minecraft:spruce_planks":19,"minecraft:iron_chestplate":46,"minecraft:beetroot_seeds":12,"minecraft:chainmail_boots":24,"minecraft:sandstone":2,"minecraft:bow":62,"minecraft:arrow":58,"minecraft:stone_pickaxe":10,"minecraft:bell":26}},"DataVersion":4082}