{"stats":{"minecraft:killed_by":{"minecraft:player":3,"minecraft:iron_golem":1},"minecraft:killed":{"minecraft:skeleton":2,"minecraft:chicken":4,"minecraft:drowned":1,"minecraft:iron_golem":2,"minecraft:zombie":5,"minecraft:villager":12,"minecraft:cow":4},"minecraft:custom":{"minecraft:interact_with_smithing_table":1,"minecraft:mob_kills":37,"minecraft:interact_with_crafting_table":27,"minecraft:bell_ring":12,"minecraft:leave_game":9,"minecraft:time_since_death":16388,"minecraft:sprint_one_cm":344626,"minecraft:walk_one_cm":371243,"minecraft:drop":287,"minecraft:talked_to_villager":134,"minecraft:play_time":168639,"minecraft:deaths":8,"minecraft:sneak_time":3386,"minecraft:walk_under_water_one_cm":3329,"minecraft:boat_one_cm":145427,"minecraft:jump":3103,"minecraft:walk_on_water_one_cm":17794,"minecraft:total_world_time":168639,"minecraft:interact_with_furnace":2,"minecraft:traded_with_villager":466,"minecraft:interact_with_grindstone":1,"minecraft:sleep_in_bed":8,"minecraft:time_since_rest":16419,"minecraft:damage_taken":2339,"minecraft:damage_dealt":6742,"minecraft:player_kills":2,"minecraft:swim_one_cm":27517,"minecraft:fly_one_cm":1022482,"minecraft:open_chest":30,"minecraft:crouch_one_cm":13750,"minecraft:fall_one_cm":65435},"minecraft:mined":{"minecraft:white_bed":4,"minecraft:brewing_stand":1,"minecraft:grass_block":19,"minecraft:spruce_leaves":41,"minecraft:sandstone":4,"minecraft:hay_block":18,"minecraft:pumpkin":2,"minecraft:fletching_table":6,"minecraft:bell":1,"minecraft:stone":20,"minecraft:oak_slab":1,"minecraft:oak_fence":3,"minecraft:crafting_table":4,"minecraft:short_grass":56,"minecraft:cobblestone":2,"minecraft:tall_grass":16,"minecraft:oak_planks":6,"minecraft:sugar_cane":11,"minecraft:birch_log":25,"minecraft:wheat":2,"minecraft:spruce_log":46,"minecraft:birch_leaves":1,"minecraft:birch_door":1,"minecraft:yellow_bed":7,"minecraft:oak_log":254,"minecraft:coal_ore":4,"minecraft:sand":632,"minecraft:gravel":58,"minecraft:dirt":22,"minecraft:oak_leaves":32,"minecraft:fern":1},"minecraft:picked_up":{"minecraft:wooden_axe":1,"minecraft:iron_chestplate":2,"minecraft:crafting_table":4,"minecraft:birch_door":1,"minecraft:wheat":4,"minecraft:chicken":4,"minecraft:wooden_pickaxe":1,"minecraft:brewing_stand":1,"minecraft:shield":2,"minecraft:iron_axe":2,"minecraft:wooden_sword":1,"minecraft:iron_leggings":2,"minecraft:iron_shovel":7,"minecraft:diamond_leggings":1,"minecraft:beef":6,"minecraft:iron_pickaxe":2,"minecraft:enchanted_golden_apple":1,"minecraft:sugar_cane":45,"minecraft:iron_boots":1,"minecraft:sandstone":2,"minecraft:stick":280,"minecraft:oak_fence":4,"minecraft:redstone":48,"minecraft:diamond_chestplate":1,"minecraft:arrow":192,"minecraft:rotten_flesh":11,"minecraft:beetroot_seeds":24,"minecraft:diamond_boots":1,"minecraft:hay_block":18,"minecraft:glowstone":12,"minecraft:mutton":3,"minecraft:cobblestone":25,"minecraft:birch_log":25,"minecraft:feather":3,"minecraft:leather":4,"minecraft:birch_planks":3,"minecraft:flint":6,"minecraft:oak_log":253,"minecraft:yellow_bed":6,"minecraft:lapis_lazuli":24,"minecraft:dirt":88,"minecraft:blue_bed":1,"minecraft:red_carpet":7,"minecraft:bone":6,"minecraft:apple":1,"minecraft:bow":26,"minecraft:wheat_seeds":12,"minecraft:bell":25,"minecraft:iron_ingot":48,"minecraft:diamond_helmet":1,"minecraft:fletching_table":6,"minecraft:oak_planks":6,"minecraft:stone_hoe":1,"minecraft:iron_sword":2,"minecraft:oak_slab":1,"minecraft:pumpkin":2,"minecraft:gravel":188,"minecraft:birch_fence_gate":1,"minecraft:sand":121,"minecraft:spruce_sapling":9,"minecraft:white_bed":2,"minecraft:spruce_log":45,"minecraft:spruce_boat":1,"minecraft:iron_helmet":1,"minecraft:diamond_axe":4,"minecraft:crossbow":10,"minecraft:bread":87,"minecraft:emerald":22,"minecraft:oak_sapling":20,"minecraft:coal":4},"minecraft:crafted":{"minecraft:wooden_sword":1,"minecraft:oak_planks":1012,"minecraft:redstone":48,"minecraft:cooked_chicken":4,"minecraft:furnace":1,"minecraft:bone_meal":6,"minecraft:iron_boots":1,"minecraft:diamond_leggings":1,"minecraft:diamond_helmet":1,"minecraft:bow":53,"minecraft:iron_axe":13,"minecraft:birch_fence_gate":2,"minecraft:stone_pickaxe":10,"minecraft:chest":5,"minecraft:diamond_boots":1,"minecraft:spruce_boat":1,"minecraft:birch_door":3,"minecraft:stone_hoe":1,"minecraft:oak_fence":15,"minecraft:chainmail_leggings":12,"minecraft:wheat":162,"minecraft:oak_slab":12,"minecraft:crossbow":49,"minecraft:arrow":400,"minecraft:emerald":99,"minecraft:diamond_axe":6,"minecraft:crafting_table":4,"minecraft:spruce_planks":180,"minecraft:wooden_pickaxe":1,"minecraft:iron_helmet":1,"minecraft:bell":38,"minecraft:smithing_table":1,"minecraft:fletching_table":3,"minecraft:birch_planks":100,"minecraft:glowstone":12,"minecraft:bread":32,"minecraft:air":0,"minecraft:iron_chestplate":45,"minecraft:shield":25,"minecraft:birch_fence":3,"minecraft:stick":2300,"minecraft:chainmail_boots":24,"minecraft:iron_pickaxe":1,"minecraft:wooden_axe":1,"minecraft:iron_shovel":7,"minecraft:iron_leggings":1,"minecraft:torch":12,"minecraft:lapis_lazuli":24,"minecraft:diamond_chestplate":1},"minecraft:used":{"minecraft:oak_fence":19,"minecraft:oak_trapdoor":9,"minecraft:iron_shovel":720,"minecraft:tadpole_spawn_egg":1,"minecraft:chest":6,"minecraft:iron_sword":149,"minecraft:bell":1,"minecraft:stone_hoe":30,"minecraft:cooked_chicken":3,"minecraft:iron_chestplate":1,"minecraft:torch":12,"minecraft:brewing_stand":5,"minecraft:dirt":161,"minecraft:skeleton_spawn_egg":1,"minecraft:white_carpet":7,"minecraft:birch_door":4,"minecraft:spruce_boat":2,"minecraft:ravager_spawn_egg":1,"minecraft:wooden_axe":38,"minecraft:villager_spawn_egg":13,"minecraft:iron_axe":344,"minecraft:grass_block":2,"minecraft:iron_boots":1,"minecraft:red_carpet":26,"minecraft:bow":13,"minecraft:wolf_spawn_egg":4,"minecraft:furnace":1,"minecraft:wheat_seeds":11,"minecraft:birch_planks":17,"minecraft:oak_planks":202,"minecraft:wooden_pickaxe":21,"minecraft:vindicator_spawn_egg":1,"minecraft:fletching_table":19,"minecraft:sugar_cane":30,"minecraft:sand":1,"minecraft:oak_slab":6,"minecraft:crafting_table":7,"minecraft:blast_furnace":12,"minecraft:white_bed":5,"minecraft:birch_fence":3,"minecraft:birch_fence_gate":3,"minecraft:bread":16,"minecraft:iron_pickaxe":14,"minecraft:gravel":62,"minecraft:evoker_spawn_egg":1,"minecraft:wooden_sword":25,"minecraft:cobblestone":6,"minecraft:grindstone":6,"minecraft:smithing_table":3,"minecraft:yellow_bed":10,"minecraft:bone_meal":6},"minecraft:dropped":{"minecraft:iron_ingot":1,"minecraft:diamond_axe":4,"minecraft:crafting_table":1,"minecraft:crossbow":57,"minecraft:iron_helmet":1,"minecraft:stick":512,"minecraft:emerald":6,"minecraft:dirt":4,"minecraft:iron_leggings":2,"minecraft:sand":57,"minecraft:iron_axe":12,"minecraft:iron_shovel":4,"minecraft:chainmail_leggings":12,"minecraft:bone":2,"minecraft:sugar_cane":1,"minecraft:wheat":131,"minecraft:rotten_flesh":3,"minecraft:iron_boots":1,"minecraft:filled_map":1,"minecraft:shield":24,"minecraft:spruce_planks":19,"minecraft:beetroot_seeds":12,"minecraft:iron_chestplate":46,"minecraft:chainmail_boots":24,"minecraft:sandstone":2,"minecraft:bow":61,"minecraft:stone_pickaxe":10,"minecraft:bell":26}},"DataVersion":4082}