{"minecraft:recipes/decorations/crafting_table":{"criteria":{"unlock_right_away":"2024-12-07 22:07:47 +0000"},"done":true},"minecraft:adventure/adventuring_time":{"criteria":{"minecraft:cold_ocean":"2024-12-07 23:57:45 +0000","minecraft:beach":"2024-12-07 23:18:57 +0000","minecraft:dark_forest":"2024-12-08 00:53:53 +0000","minecraft:forest":"2024-12-07 22:07:48 +0000","minecraft:taiga":"2024-12-07 22:24:14 +0000","minecraft:deep_dark":"2024-12-07 22:42:25 +0000","minecraft:river":"2024-12-07 22:09:09 +0000","minecraft:meadow":"2024-12-07 22:40:09 +0000","minecraft:lush_caves":"2024-12-08 01:17:21 +0000","minecraft:old_growth_spruce_taiga":"2024-12-08 00:17:44 +0000","minecraft:dripstone_caves":"2024-12-07 22:15:38 +0000","minecraft:plains":"2024-12-07 22:34:45 +0000"},"done":false},"minecraft:recipes/transportation/mangrove_boat":{"criteria":{"in_water":"2024-12-07 22:08:27 +0000"},"done":true},"minecraft:recipes/transportation/acacia_boat":{"criteria":{"in_water":"2024-12-07 22:08:27 +0000"},"done":true},"minecraft:recipes/transportation/cherry_boat":{"criteria":{"in_water":"2024-12-07 22:08:27 +0000"},"done":true},"minecraft:recipes/transportation/bamboo_raft":{"criteria":{"in_water":"2024-12-07 22:08:27 +0000"},"done":true},"minecraft:recipes/transportation/spruce_boat":{"criteria":{"in_water":"2024-12-07 22:08:27 +0000"},"done":true},"minecraft:recipes/transportation/birch_boat":{"criteria":{"in_water":"2024-12-07 22:08:27 +0000"},"done":true},"minecraft:recipes/transportation/oak_boat":{"criteria":{"in_water":"2024-12-07 22:08:27 +0000"},"done":true},"minecraft:recipes/transportation/jungle_boat":{"criteria":{"in_water":"2024-12-07 22:08:27 +0000"},"done":true},"minecraft:recipes/transportation/dark_oak_boat":{"criteria":{"in_water":"2024-12-07 22:08:27 +0000"},"done":true},"minecraft:adventure/root":{"criteria":{"killed_something":"2024-12-07 22:08:55 +0000"},"done":true},"minecraft:recipes/misc/charcoal":{"criteria":{"has_log":"2024-12-07 22:09:36 +0000"},"done":true},"minecraft:recipes/building_blocks/oak_planks":{"criteria":{"has_logs":"2024-12-07 22:09:36 +0000"},"done":true},"minecraft:recipes/building_blocks/oak_wood":{"criteria":{"has_log":"2024-12-07 22:09:36 +0000"},"done":true},"minecraft:recipes/misc/sugar_from_sugar_cane":{"criteria":{"has_sugar_cane":"2024-12-07 22:15:58 +0000"},"done":true},"minecraft:recipes/misc/paper":{"criteria":{"has_reeds":"2024-12-07 22:15:58 +0000"},"done":true},"minecraft:recipes/building_blocks/oak_slab":{"criteria":{"has_planks":"2024-12-07 22:16:17 +0000"},"done":true},"minecraft:recipes/decorations/oak_sign":{"criteria":{"has_planks":"2024-12-07 22:16:17 +0000"},"done":true},"minecraft:recipes/redstone/oak_trapdoor":{"criteria":{"has_planks":"2024-12-07 22:16:17 +0000"},"done":true},"minecraft:recipes/redstone/oak_fence_gate":{"criteria":{"has_planks":"2024-12-07 22:16:17 +0000"},"done":true},"minecraft:recipes/redstone/oak_pressure_plate":{"criteria":{"has_planks":"2024-12-07 22:16:17 +0000"},"done":true},"minecraft:recipes/redstone/oak_door":{"criteria":{"has_planks":"2024-12-07 22:16:17 +0000"},"done":true},"minecraft:recipes/misc/stick":{"criteria":{"has_planks":"2024-12-07 22:16:17 +0000"},"done":true},"minecraft:recipes/building_blocks/oak_stairs":{"criteria":{"has_planks":"2024-12-07 22:16:17 +0000"},"done":true},"minecraft:recipes/decorations/oak_fence":{"criteria":{"has_planks":"2024-12-07 22:16:17 +0000"},"done":true},"minecraft:recipes/decorations/barrel":{"criteria":{"has_planks":"2024-12-07 22:16:17 +0000"},"done":true},"minecraft:recipes/redstone/oak_button":{"criteria":{"has_planks":"2024-12-07 22:16:17 +0000"},"done":true},"minecraft:story/root":{"criteria":{"crafting_table":"2024-12-07 22:16:19 +0000"},"done":true},"minecraft:recipes/decorations/ladder":{"criteria":{"has_stick":"2024-12-07 22:16:23 +0000"},"done":true},"minecraft:recipes/decorations/campfire":{"criteria":{"has_stick":"2024-12-07 22:16:23 +0000"},"done":true},"minecraft:recipes/tools/wooden_hoe":{"criteria":{"has_stick":"2024-12-07 22:16:23 +0000"},"done":true},"minecraft:recipes/tools/wooden_pickaxe":{"criteria":{"has_stick":"2024-12-07 22:16:23 +0000"},"done":true},"minecraft:recipes/tools/wooden_axe":{"criteria":{"has_stick":"2024-12-07 22:16:23 +0000"},"done":true},"minecraft:recipes/tools/wooden_shovel":{"criteria":{"has_stick":"2024-12-07 22:16:23 +0000"},"done":true},"minecraft:recipes/combat/wooden_sword":{"criteria":{"has_stick":"2024-12-07 22:16:23 +0000"},"done":true},"minecraft:recipes/redstone/lever":{"criteria":{"has_cobblestone":"2024-12-07 22:16:32 +0000"},"done":true},"minecraft:recipes/combat/stone_sword":{"criteria":{"has_cobblestone":"2024-12-07 22:16:32 +0000"},"done":true},"minecraft:recipes/decorations/cobblestone_wall":{"criteria":{"has_cobblestone":"2024-12-07 22:16:32 +0000"},"done":true},"minecraft:recipes/tools/stone_pickaxe":{"criteria":{"has_cobblestone":"2024-12-07 22:16:32 +0000"},"done":true},"minecraft:recipes/tools/stone_axe":{"criteria":{"has_cobblestone":"2024-12-07 22:16:32 +0000"},"done":true},"minecraft:story/mine_stone":{"criteria":{"get_stone":"2024-12-07 22:16:32 +0000"},"done":true},"minecraft:recipes/decorations/furnace":{"criteria":{"has_cobblestone":"2024-12-07 22:16:32 +0000"},"done":true},"minecraft:recipes/building_blocks/cobblestone_slab":{"criteria":{"has_cobblestone":"2024-12-07 22:16:32 +0000"},"done":true},"minecraft:recipes/building_blocks/cobblestone_slab_from_cobblestone_stonecutting":{"criteria":{"has_cobblestone":"2024-12-07 22:16:32 +0000"},"done":true},"minecraft:recipes/building_blocks/stone":{"criteria":{"has_cobblestone":"2024-12-07 22:16:32 +0000"},"done":true},"minecraft:recipes/decorations/cobblestone_wall_from_cobblestone_stonecutting":{"criteria":{"has_cobblestone":"2024-12-07 22:16:32 +0000"},"done":true},"minecraft:recipes/building_blocks/cobblestone_stairs_from_cobblestone_stonecutting":{"criteria":{"has_cobblestone":"2024-12-07 22:16:32 +0000"},"done":true},"minecraft:recipes/building_blocks/cobblestone_stairs":{"criteria":{"has_cobblestone":"2024-12-07 22:16:32 +0000"},"done":true},"minecraft:recipes/tools/stone_hoe":{"criteria":{"has_cobblestone":"2024-12-07 22:16:32 +0000"},"done":true},"minecraft:recipes/tools/stone_shovel":{"criteria":{"has_cobblestone":"2024-12-07 22:16:32 +0000"},"done":true},"minecraft:recipes/decorations/torch":{"criteria":{"has_stone_pickaxe":"2024-12-07 22:16:53 +0000"},"done":true},"minecraft:story/upgrade_tools":{"criteria":{"stone_pickaxe":"2024-12-07 22:16:53 +0000"},"done":true},"minecraft:recipes/decorations/chest":{"criteria":{"has_lots_of_items":"2024-12-07 22:17:07 +0000"},"done":true},"minecraft:recipes/building_blocks/andesite_stairs_from_andesite_stonecutting":{"criteria":{"has_andesite":"2024-12-07 22:17:43 +0000"},"done":true},"minecraft:recipes/building_blocks/andesite_stairs":{"criteria":{"has_andesite":"2024-12-07 22:17:43 +0000"},"done":true},"minecraft:recipes/building_blocks/polished_andesite_from_andesite_stonecutting":{"criteria":{"has_andesite":"2024-12-07 22:17:43 +0000"},"done":true},"minecraft:recipes/building_blocks/polished_andesite":{"criteria":{"has_andesite":"2024-12-07 22:17:43 +0000"},"done":true},"minecraft:recipes/decorations/andesite_wall_from_andesite_stonecutting":{"criteria":{"has_andesite":"2024-12-07 22:17:43 +0000"},"done":true},"minecraft:recipes/building_blocks/polished_andesite_slab_from_andesite_stonecutting":{"criteria":{"has_andesite":"2024-12-07 22:17:43 +0000"},"done":true},"minecraft:recipes/decorations/andesite_wall":{"criteria":{"has_andesite":"2024-12-07 22:17:43 +0000"},"done":true},"minecraft:recipes/building_blocks/andesite_slab":{"criteria":{"has_andesite":"2024-12-07 22:17:43 +0000"},"done":true},"minecraft:recipes/building_blocks/polished_andesite_stairs_from_andesite_stonecutting":{"criteria":{"has_andesite":"2024-12-07 22:17:43 +0000"},"done":true},"minecraft:recipes/building_blocks/andesite_slab_from_andesite_stonecutting":{"criteria":{"has_andesite":"2024-12-07 22:17:43 +0000"},"done":true},"minecraft:recipes/misc/copper_ingot_from_blasting_raw_copper":{"criteria":{"has_raw_copper":"2024-12-07 22:17:57 +0000"},"done":true},"minecraft:recipes/building_blocks/raw_copper_block":{"criteria":{"has_raw_copper":"2024-12-07 22:17:57 +0000"},"done":true},"minecraft:recipes/misc/copper_ingot_from_smelting_raw_copper":{"criteria":{"has_raw_copper":"2024-12-07 22:17:57 +0000"},"done":true},"minecraft:recipes/building_blocks/diorite_stairs_from_diorite_stonecutting":{"criteria":{"has_diorite":"2024-12-07 22:18:11 +0000"},"done":true},"minecraft:recipes/building_blocks/polished_diorite":{"criteria":{"has_diorite":"2024-12-07 22:18:11 +0000"},"done":true},"minecraft:recipes/building_blocks/diorite_slab":{"criteria":{"has_diorite":"2024-12-07 22:18:11 +0000"},"done":true},"minecraft:recipes/decorations/diorite_wall_from_diorite_stonecutting":{"criteria":{"has_diorite":"2024-12-07 22:18:11 +0000"},"done":true},"minecraft:recipes/building_blocks/andesite":{"criteria":{"has_stone":"2024-12-07 22:18:11 +0000"},"done":true},"minecraft:recipes/building_blocks/polished_diorite_from_diorite_stonecutting":{"criteria":{"has_diorite":"2024-12-07 22:18:11 +0000"},"done":true},"minecraft:recipes/decorations/diorite_wall":{"criteria":{"has_diorite":"2024-12-07 22:18:11 +0000"},"done":true},"minecraft:recipes/building_blocks/diorite_slab_from_diorite_stonecutting":{"criteria":{"has_diorite":"2024-12-07 22:18:11 +0000"},"done":true},"minecraft:recipes/building_blocks/polished_diorite_slab_from_diorite_stonecutting":{"criteria":{"has_diorite":"2024-12-07 22:18:11 +0000"},"done":true},"minecraft:recipes/building_blocks/polished_diorite_stairs_from_diorite_stonecutting":{"criteria":{"has_diorite":"2024-12-07 22:18:11 +0000"},"done":true},"minecraft:recipes/building_blocks/diorite_stairs":{"criteria":{"has_diorite":"2024-12-07 22:18:11 +0000"},"done":true},"minecraft:recipes/building_blocks/polished_deepslate":{"criteria":{"has_cobbled_deepslate":"2024-12-07 22:18:50 +0000"},"done":true},"minecraft:recipes/building_blocks/deepslate_tile_stairs_from_cobbled_deepslate_stonecutting":{"criteria":{"has_cobbled_deepslate":"2024-12-07 22:18:50 +0000"},"done":true},"minecraft:recipes/decorations/deepslate_brick_wall_from_cobbled_deepslate_stonecutting":{"criteria":{"has_cobbled_deepslate":"2024-12-07 22:18:50 +0000"},"done":true},"minecraft:recipes/building_blocks/polished_deepslate_from_cobbled_deepslate_stonecutting":{"criteria":{"has_cobbled_deepslate":"2024-12-07 22:18:50 +0000"},"done":true},"minecraft:recipes/building_blocks/polished_deepslate_slab_from_cobbled_deepslate_stonecutting":{"criteria":{"has_cobbled_deepslate":"2024-12-07 22:18:50 +0000"},"done":true},"minecraft:recipes/building_blocks/deepslate_brick_stairs_from_cobbled_deepslate_stonecutting":{"criteria":{"has_cobbled_deepslate":"2024-12-07 22:18:50 +0000"},"done":true},"minecraft:recipes/building_blocks/deepslate_brick_slab_from_cobbled_deepslate_stonecutting":{"criteria":{"has_cobbled_deepslate":"2024-12-07 22:18:50 +0000"},"done":true},"minecraft:recipes/building_blocks/cobbled_deepslate_slab_from_cobbled_deepslate_stonecutting":{"criteria":{"has_cobbled_deepslate":"2024-12-07 22:18:50 +0000"},"done":true},"minecraft:recipes/building_blocks/deepslate_tile_slab_from_cobbled_deepslate_stonecutting":{"criteria":{"has_cobbled_deepslate":"2024-12-07 22:18:50 +0000"},"done":true},"minecraft:recipes/building_blocks/cobbled_deepslate_stairs":{"criteria":{"has_cobbled_deepslate":"2024-12-07 22:18:50 +0000"},"done":true},"minecraft:recipes/building_blocks/chiseled_deepslate_from_cobbled_deepslate_stonecutting":{"criteria":{"has_cobbled_deepslate":"2024-12-07 22:18:50 +0000"},"done":true},"minecraft:recipes/building_blocks/cobbled_deepslate_slab":{"criteria":{"has_cobbled_deepslate":"2024-12-07 22:18:50 +0000"},"done":true},"minecraft:recipes/decorations/cobbled_deepslate_wall_from_cobbled_deepslate_stonecutting":{"criteria":{"has_cobbled_deepslate":"2024-12-07 22:18:50 +0000"},"done":true},"minecraft:recipes/decorations/deepslate_tile_wall_from_cobbled_deepslate_stonecutting":{"criteria":{"has_cobbled_deepslate":"2024-12-07 22:18:50 +0000"},"done":true},"minecraft:recipes/decorations/cobbled_deepslate_wall":{"criteria":{"has_cobbled_deepslate":"2024-12-07 22:18:50 +0000"},"done":true},"minecraft:recipes/decorations/polished_deepslate_wall_from_cobbled_deepslate_stonecutting":{"criteria":{"has_cobbled_deepslate":"2024-12-07 22:18:50 +0000"},"done":true},"minecraft:recipes/building_blocks/deepslate_bricks_from_cobbled_deepslate_stonecutting":{"criteria":{"has_cobbled_deepslate":"2024-12-07 22:18:50 +0000"},"done":true},"minecraft:recipes/building_blocks/deepslate_tiles_from_cobbled_deepslate_stonecutting":{"criteria":{"has_cobbled_deepslate":"2024-12-07 22:18:50 +0000"},"done":true},"minecraft:recipes/building_blocks/cobbled_deepslate_stairs_from_cobbled_deepslate_stonecutting":{"criteria":{"has_cobbled_deepslate":"2024-12-07 22:18:50 +0000"},"done":true},"minecraft:recipes/building_blocks/deepslate":{"criteria":{"has_cobbled_deepslate":"2024-12-07 22:18:50 +0000"},"done":true},"minecraft:recipes/building_blocks/polished_deepslate_stairs_from_cobbled_deepslate_stonecutting":{"criteria":{"has_cobbled_deepslate":"2024-12-07 22:18:50 +0000"},"done":true},"minecraft:recipes/misc/iron_ingot_from_smelting_raw_iron":{"criteria":{"has_raw_iron":"2024-12-07 22:19:29 +0000"},"done":true},"minecraft:recipes/building_blocks/raw_iron_block":{"criteria":{"has_raw_iron":"2024-12-07 22:19:29 +0000"},"done":true},"minecraft:recipes/misc/iron_ingot_from_blasting_raw_iron":{"criteria":{"has_raw_iron":"2024-12-07 22:19:29 +0000"},"done":true},"minecraft:recipes/building_blocks/chiseled_tuff_bricks_from_tuff_stonecutting":{"criteria":{"has_tuff":"2024-12-07 22:19:33 +0000"},"done":true},"minecraft:recipes/building_blocks/tuff_bricks_from_tuff_stonecutting":{"criteria":{"has_tuff":"2024-12-07 22:19:33 +0000"},"done":true},"minecraft:recipes/building_blocks/tuff_slab":{"criteria":{"has_tuff":"2024-12-07 22:19:33 +0000"},"done":true},"minecraft:recipes/building_blocks/tuff_brick_slab_from_tuff_stonecutting":{"criteria":{"has_tuff":"2024-12-07 22:19:33 +0000"},"done":true},"minecraft:recipes/decorations/polished_tuff_wall_from_tuff_stonecutting":{"criteria":{"has_tuff":"2024-12-07 22:19:33 +0000"},"done":true},"minecraft:recipes/decorations/tuff_wall":{"criteria":{"has_tuff":"2024-12-07 22:19:33 +0000"},"done":true},"minecraft:recipes/building_blocks/polished_tuff_slab_from_tuff_stonecutting":{"criteria":{"has_tuff":"2024-12-07 22:19:33 +0000"},"done":true},"minecraft:recipes/decorations/tuff_wall_from_tuff_stonecutting":{"criteria":{"has_tuff":"2024-12-07 22:19:33 +0000"},"done":true},"minecraft:recipes/building_blocks/tuff_stairs":{"criteria":{"has_tuff":"2024-12-07 22:19:33 +0000"},"done":true},"minecraft:recipes/decorations/tuff_brick_wall_from_tuff_stonecutting":{"criteria":{"has_tuff":"2024-12-07 22:19:33 +0000"},"done":true},"minecraft:recipes/building_blocks/chiseled_tuff_from_tuff_stonecutting":{"criteria":{"has_tuff":"2024-12-07 22:19:33 +0000"},"done":true},"minecraft:recipes/building_blocks/polished_tuff_stairs_from_tuff_stonecutting":{"criteria":{"has_tuff":"2024-12-07 22:19:33 +0000"},"done":true},"minecraft:recipes/building_blocks/tuff_stairs_from_tuff_stonecutting":{"criteria":{"has_tuff":"2024-12-07 22:19:33 +0000"},"done":true},"minecraft:recipes/building_blocks/tuff_brick_stairs_from_tuff_stonecutting":{"criteria":{"has_tuff":"2024-12-07 22:19:33 +0000"},"done":true},"minecraft:recipes/building_blocks/polished_tuff":{"criteria":{"has_tuff":"2024-12-07 22:19:33 +0000"},"done":true},"minecraft:recipes/building_blocks/tuff_slab_from_tuff_stonecutting":{"criteria":{"has_tuff":"2024-12-07 22:19:33 +0000"},"done":true},"minecraft:recipes/building_blocks/polished_tuff_from_tuff_stonecutting":{"criteria":{"has_tuff":"2024-12-07 22:19:33 +0000"},"done":true},"minecraft:recipes/decorations/smoker":{"criteria":{"has_furnace":"2024-12-07 22:19:54 +0000"},"done":true},"minecraft:recipes/combat/iron_sword":{"criteria":{"has_iron_ingot":"2024-12-07 22:20:19 +0000"},"done":true},"minecraft:recipes/tools/iron_pickaxe":{"criteria":{"has_iron_ingot":"2024-12-07 22:20:19 +0000"},"done":true},"minecraft:recipes/combat/iron_leggings":{"criteria":{"has_iron_ingot":"2024-12-07 22:20:19 +0000"},"done":true},"minecraft:recipes/combat/shield":{"criteria":{"has_iron_ingot":"2024-12-07 22:20:19 +0000"},"done":true},"minecraft:recipes/redstone/hopper":{"criteria":{"has_iron_ingot":"2024-12-07 22:20:19 +0000"},"done":true},"minecraft:recipes/decorations/iron_bars":{"criteria":{"has_iron_ingot":"2024-12-07 22:20:19 +0000"},"done":true},"minecraft:recipes/combat/iron_boots":{"criteria":{"has_iron_ingot":"2024-12-07 22:20:19 +0000"},"done":true},"minecraft:recipes/combat/iron_chestplate":{"criteria":{"has_iron_ingot":"2024-12-07 22:20:19 +0000"},"done":true},"minecraft:recipes/decorations/lantern":{"criteria":{"has_iron_ingot":"2024-12-07 22:20:19 +0000"},"done":true},"minecraft:recipes/misc/iron_nugget":{"criteria":{"has_iron_ingot":"2024-12-07 22:20:19 +0000"},"done":true},"minecraft:recipes/misc/bucket":{"criteria":{"has_iron_ingot":"2024-12-07 22:20:19 +0000"},"done":true},"minecraft:recipes/combat/iron_helmet":{"criteria":{"has_iron_ingot":"2024-12-07 22:20:19 +0000"},"done":true},"minecraft:recipes/transportation/minecart":{"criteria":{"has_iron_ingot":"2024-12-07 22:20:19 +0000"},"done":true},"minecraft:recipes/tools/iron_hoe":{"criteria":{"has_iron_ingot":"2024-12-07 22:20:19 +0000"},"done":true},"minecraft:recipes/tools/iron_shovel":{"criteria":{"has_iron_ingot":"2024-12-07 22:20:19 +0000"},"done":true},"minecraft:story/smelt_iron":{"criteria":{"iron":"2024-12-07 22:20:19 +0000"},"done":true},"minecraft:recipes/tools/shears":{"criteria":{"has_iron_ingot":"2024-12-07 22:20:19 +0000"},"done":true},"minecraft:recipes/redstone/iron_trapdoor":{"criteria":{"has_iron_ingot":"2024-12-07 22:20:19 +0000"},"done":true},"minecraft:recipes/decorations/chain":{"criteria":{"has_iron_ingot":"2024-12-07 22:20:19 +0000"},"done":true},"minecraft:recipes/building_blocks/iron_block":{"criteria":{"has_iron_ingot":"2024-12-07 22:20:19 +0000"},"done":true},"minecraft:recipes/tools/iron_axe":{"criteria":{"has_iron_ingot":"2024-12-07 22:20:19 +0000"},"done":true},"minecraft:recipes/combat/crossbow":{"criteria":{"has_iron_ingot":"2024-12-07 22:20:19 +0000"},"done":true},"minecraft:recipes/decorations/smithing_table":{"criteria":{"has_iron_ingot":"2024-12-07 22:20:19 +0000"},"done":true},"minecraft:recipes/redstone/iron_door":{"criteria":{"has_iron_ingot":"2024-12-07 22:20:19 +0000"},"done":true},"minecraft:recipes/redstone/heavy_weighted_pressure_plate":{"criteria":{"has_iron_ingot":"2024-12-07 22:20:19 +0000"},"done":true},"minecraft:recipes/misc/iron_nugget_from_smelting":{"criteria":{"has_iron_pickaxe":"2024-12-07 22:20:47 +0000"},"done":true},"minecraft:story/iron_tools":{"criteria":{"iron_pickaxe":"2024-12-07 22:20:47 +0000"},"done":true},"minecraft:recipes/misc/iron_nugget_from_blasting":{"criteria":{"has_iron_pickaxe":"2024-12-07 22:20:47 +0000"},"done":true},"minecraft:story/deflect_arrow":{"criteria":{"deflected_projectile":"2024-12-07 22:21:45 +0000"},"done":true},"minecraft:recipes/building_blocks/chiseled_tuff_bricks_from_tuff_bricks_stonecutting":{"criteria":{"has_tuff_bricks":"2024-12-07 22:22:02 +0000"},"done":true},"minecraft:recipes/decorations/tuff_brick_wall_from_tuff_bricks_stonecutting":{"criteria":{"has_tuff_bricks":"2024-12-07 22:22:02 +0000"},"done":true},"minecraft:recipes/building_blocks/tuff_brick_stairs":{"criteria":{"has_tuff_bricks":"2024-12-07 22:22:02 +0000"},"done":true},"minecraft:recipes/building_blocks/tuff_brick_stairs_from_tuff_bricks_stonecutting":{"criteria":{"has_tuff_bricks":"2024-12-07 22:22:02 +0000"},"done":true},"minecraft:recipes/building_blocks/tuff_brick_slab_from_tuff_bricks_stonecutting":{"criteria":{"has_tuff_bricks":"2024-12-07 22:22:02 +0000"},"done":true},"minecraft:recipes/decorations/tuff_brick_wall":{"criteria":{"has_tuff_bricks":"2024-12-07 22:22:02 +0000"},"done":true},"minecraft:recipes/building_blocks/tuff_brick_slab":{"criteria":{"has_tuff_bricks":"2024-12-07 22:22:02 +0000"},"done":true},"minecraft:adventure/minecraft_trials_edition":{"criteria":{"minecraft_trials_edition":"2024-12-07 22:22:09 +0000"},"done":true},"minecraft:recipes/decorations/polished_tuff_wall":{"criteria":{"has_polished_tuff":"2024-12-07 22:22:17 +0000"},"done":true},"minecraft:recipes/decorations/tuff_brick_wall_from_polished_tuff_stonecutting":{"criteria":{"has_polished_tuff":"2024-12-07 22:22:17 +0000"},"done":true},"minecraft:recipes/building_blocks/tuff_brick_stairs_from_polished_tuff_stonecutting":{"criteria":{"has_polished_tuff":"2024-12-07 22:22:17 +0000"},"done":true},"minecraft:recipes/building_blocks/polished_tuff_slab_from_polished_tuff_stonecutting":{"criteria":{"has_polished_tuff":"2024-12-07 22:22:17 +0000"},"done":true},"minecraft:recipes/building_blocks/polished_tuff_stairs":{"criteria":{"has_polished_tuff":"2024-12-07 22:22:17 +0000"},"done":true},"minecraft:recipes/building_blocks/polished_tuff_stairs_from_polished_tuff_stonecutting":{"criteria":{"has_polished_tuff":"2024-12-07 22:22:17 +0000"},"done":true},"minecraft:recipes/building_blocks/polished_tuff_slab":{"criteria":{"has_polished_tuff":"2024-12-07 22:22:17 +0000"},"done":true},"minecraft:recipes/building_blocks/chiseled_tuff_bricks_from_polished_tuff_stonecutting":{"criteria":{"has_polished_tuff":"2024-12-07 22:22:17 +0000"},"done":true},"minecraft:recipes/building_blocks/tuff_bricks":{"criteria":{"has_polished_tuff":"2024-12-07 22:22:17 +0000"},"done":true},"minecraft:recipes/decorations/polished_tuff_wall_from_polished_tuff_stonecutting":{"criteria":{"has_polished_tuff":"2024-12-07 22:22:17 +0000"},"done":true},"minecraft:recipes/building_blocks/tuff_bricks_from_polished_tuff_stonecutting":{"criteria":{"has_polished_tuff":"2024-12-07 22:22:17 +0000"},"done":true},"minecraft:recipes/building_blocks/tuff_brick_slab_from_polished_tuff_stonecutting":{"criteria":{"has_polished_tuff":"2024-12-07 22:22:17 +0000"},"done":true},"minecraft:recipes/decorations/beehive":{"criteria":{"has_honeycomb":"2024-12-07 22:22:41 +0000"},"done":true},"minecraft:recipes/decorations/candle":{"criteria":{"has_honeycomb":"2024-12-07 22:22:41 +0000"},"done":true},"minecraft:recipes/decorations/honeycomb_block":{"criteria":{"has_honeycomb":"2024-12-07 22:22:41 +0000"},"done":true},"minecraft:recipes/building_blocks/waxed_copper_grate":{"criteria":{"has_waxed_copper_block":"2024-12-07 22:23:00 +0000"},"done":true},"minecraft:recipes/building_blocks/waxed_cut_copper_from_waxed_copper_block_stonecutting":{"criteria":{"has_waxed_copper_block":"2024-12-07 22:23:00 +0000"},"done":true},"minecraft:recipes/building_blocks/waxed_chiseled_copper_from_waxed_copper_block_stonecutting":{"criteria":{"has_waxed_copper_block":"2024-12-07 22:23:00 +0000"},"done":true},"minecraft:recipes/redstone/waxed_copper_bulb":{"criteria":{"has_waxed_copper_block":"2024-12-07 22:23:00 +0000"},"done":true},"minecraft:recipes/building_blocks/waxed_cut_copper":{"criteria":{"has_waxed_copper_block":"2024-12-07 22:23:00 +0000"},"done":true},"minecraft:recipes/building_blocks/waxed_cut_copper_stairs_from_waxed_copper_block_stonecutting":{"criteria":{"has_waxed_copper_block":"2024-12-07 22:23:00 +0000"},"done":true},"minecraft:recipes/misc/copper_ingot_from_waxed_copper_block":{"criteria":{"has_waxed_copper_block":"2024-12-07 22:23:00 +0000"},"done":true},"minecraft:recipes/building_blocks/waxed_copper_grate_from_waxed_copper_block_stonecutting":{"criteria":{"has_waxed_copper_block":"2024-12-07 22:23:00 +0000"},"done":true},"minecraft:recipes/building_blocks/waxed_cut_copper_slab_from_waxed_copper_block_stonecutting":{"criteria":{"has_waxed_copper_block":"2024-12-07 22:23:00 +0000"},"done":true},"minecraft:recipes/combat/bow":{"criteria":{"has_string":"2024-12-07 22:23:12 +0000"},"done":true},"minecraft:recipes/redstone/redstone_torch":{"criteria":{"has_redstone":"2024-12-07 22:23:12 +0000"},"done":true},"minecraft:recipes/tools/clock":{"criteria":{"has_redstone":"2024-12-07 22:23:12 +0000"},"done":true},"minecraft:recipes/redstone/dropper":{"criteria":{"has_redstone":"2024-12-07 22:23:12 +0000"},"done":true},"minecraft:recipes/tools/fishing_rod":{"criteria":{"has_string":"2024-12-07 22:23:12 +0000"},"done":true},"minecraft:recipes/building_blocks/white_wool_from_string":{"criteria":{"has_string":"2024-12-07 22:23:12 +0000"},"done":true},"minecraft:recipes/redstone/redstone_block":{"criteria":{"has_redstone":"2024-12-07 22:23:12 +0000"},"done":true},"minecraft:recipes/redstone/tripwire_hook":{"criteria":{"has_string":"2024-12-07 22:23:12 +0000"},"done":true},"minecraft:recipes/misc/bone_meal":{"criteria":{"has_bone":"2024-12-07 22:23:12 +0000"},"done":true},"minecraft:recipes/redstone/note_block":{"criteria":{"has_redstone":"2024-12-07 22:23:12 +0000"},"done":true},"minecraft:recipes/redstone/target":{"criteria":{"has_redstone":"2024-12-07 22:23:12 +0000"},"done":true},"minecraft:recipes/decorations/loom":{"criteria":{"has_string":"2024-12-07 22:23:12 +0000"},"done":true},"minecraft:recipes/tools/bundle":{"criteria":{"has_string":"2024-12-07 22:23:12 +0000"},"done":true},"minecraft:recipes/tools/compass":{"criteria":{"has_redstone":"2024-12-07 22:23:12 +0000"},"done":true},"minecraft:recipes/redstone/piston":{"criteria":{"has_redstone":"2024-12-07 22:23:12 +0000"},"done":true},"minecraft:recipes/building_blocks/bricks":{"criteria":{"has_brick":"2024-12-07 22:24:05 +0000"},"done":true},"minecraft:recipes/decorations/flower_pot":{"criteria":{"has_brick":"2024-12-07 22:24:05 +0000"},"done":true},"minecraft:recipes/decorations/decorated_pot_simple":{"criteria":{"has_brick":"2024-12-07 22:24:05 +0000"},"done":true},"minecraft:adventure/kill_all_mobs":{"criteria":{"minecraft:skeleton":"2024-12-08 02:01:31 +0000","minecraft:breeze":"2024-12-08 02:15:43 +0000","minecraft:silverfish":"2024-12-08 02:21:39 +0000","minecraft:stray":"2024-12-08 02:06:12 +0000","minecraft:spider":"2024-12-07 22:24:31 +0000","minecraft:zombie":"2024-12-07 22:40:21 +0000","minecraft:zombie_villager":"2024-12-08 00:36:41 +0000"},"done":false},"minecraft:adventure/kill_a_mob":{"criteria":{"minecraft:spider":"2024-12-07 22:24:31 +0000"},"done":true},"minecraft:recipes/building_blocks/emerald_block":{"criteria":{"has_emerald":"2024-12-07 22:25:37 +0000"},"done":true},"minecraft:recipes/building_blocks/lime_concrete_powder":{"criteria":{"has_sand":"2024-12-07 22:28:26 +0000"},"done":true},"minecraft:recipes/building_blocks/light_gray_concrete_powder":{"criteria":{"has_sand":"2024-12-07 22:28:26 +0000"},"done":true},"minecraft:recipes/building_blocks/pink_concrete_powder":{"criteria":{"has_sand":"2024-12-07 22:28:26 +0000"},"done":true},"minecraft:recipes/building_blocks/orange_concrete_powder":{"criteria":{"has_sand":"2024-12-07 22:28:26 +0000"},"done":true},"minecraft:recipes/building_blocks/red_concrete_powder":{"criteria":{"has_sand":"2024-12-07 22:28:26 +0000"},"done":true},"minecraft:recipes/building_blocks/magenta_concrete_powder":{"criteria":{"has_sand":"2024-12-07 22:28:26 +0000"},"done":true},"minecraft:recipes/building_blocks/brown_concrete_powder":{"criteria":{"has_sand":"2024-12-07 22:28:26 +0000"},"done":true},"minecraft:recipes/building_blocks/light_blue_concrete_powder":{"criteria":{"has_sand":"2024-12-07 22:28:26 +0000"},"done":true},"minecraft:recipes/building_blocks/glass":{"criteria":{"has_smelts_to_glass":"2024-12-07 22:28:26 +0000"},"done":true},"minecraft:recipes/building_blocks/green_concrete_powder":{"criteria":{"has_sand":"2024-12-07 22:28:26 +0000"},"done":true},"minecraft:recipes/building_blocks/blue_concrete_powder":{"criteria":{"has_sand":"2024-12-07 22:28:26 +0000"},"done":true},"minecraft:recipes/building_blocks/yellow_concrete_powder":{"criteria":{"has_sand":"2024-12-07 22:28:26 +0000"},"done":true},"minecraft:recipes/building_blocks/sandstone":{"criteria":{"has_sand":"2024-12-07 22:28:26 +0000"},"done":true},"minecraft:recipes/building_blocks/white_concrete_powder":{"criteria":{"has_sand":"2024-12-07 22:28:26 +0000"},"done":true},"minecraft:recipes/building_blocks/gray_concrete_powder":{"criteria":{"has_sand":"2024-12-07 22:28:26 +0000"},"done":true},"minecraft:recipes/building_blocks/black_concrete_powder":{"criteria":{"has_sand":"2024-12-07 22:28:26 +0000"},"done":true},"minecraft:recipes/building_blocks/purple_concrete_powder":{"criteria":{"has_sand":"2024-12-07 22:28:26 +0000"},"done":true},"minecraft:recipes/building_blocks/cyan_concrete_powder":{"criteria":{"has_sand":"2024-12-07 22:28:26 +0000"},"done":true},"minecraft:husbandry/balanced_diet":{"criteria":{"apple":"2024-12-07 22:32:34 +0000","bread":"2024-12-07 22:47:07 +0000","golden_apple":"2024-12-08 02:18:12 +0000","cooked_chicken":"2024-12-07 22:53:07 +0000","rotten_flesh":"2024-12-08 00:52:01 +0000","cooked_mutton":"2024-12-07 22:38:36 +0000","glow_berries":"2024-12-08 02:16:28 +0000","sweet_berries":"2024-12-08 00:52:16 +0000","cooked_beef":"2024-12-08 02:30:47 +0000","baked_potato":"2024-12-08 01:17:59 +0000","pumpkin_pie":"2024-12-07 22:58:41 +0000"},"done":false},"minecraft:husbandry/root":{"criteria":{"consumed_item":"2024-12-07 22:32:34 +0000"},"done":true},"minecraft:recipes/building_blocks/birch_planks":{"criteria":{"has_logs":"2024-12-07 22:34:11 +0000"},"done":true},"minecraft:recipes/building_blocks/birch_wood":{"criteria":{"has_log":"2024-12-07 22:34:11 +0000"},"done":true},"minecraft:recipes/food/cooked_mutton_from_smoking":{"criteria":{"has_mutton":"2024-12-07 22:35:04 +0000"},"done":true},"minecraft:recipes/food/cooked_mutton":{"criteria":{"has_mutton":"2024-12-07 22:35:04 +0000"},"done":true},"minecraft:recipes/decorations/white_banner":{"criteria":{"has_white_wool":"2024-12-07 22:35:04 +0000"},"done":true},"minecraft:recipes/decorations/painting":{"criteria":{"has_wool":"2024-12-07 22:35:04 +0000"},"done":true},"minecraft:recipes/food/cooked_mutton_from_campfire_cooking":{"criteria":{"has_mutton":"2024-12-07 22:35:04 +0000"},"done":true},"minecraft:recipes/decorations/white_bed":{"criteria":{"has_white_wool":"2024-12-07 22:35:04 +0000"},"done":true},"minecraft:recipes/decorations/white_carpet":{"criteria":{"has_white_wool":"2024-12-07 22:35:04 +0000"},"done":true},"minecraft:recipes/decorations/black_bed":{"criteria":{"has_black_wool":"2024-12-07 22:35:23 +0000"},"done":true},"minecraft:recipes/decorations/black_carpet":{"criteria":{"has_black_wool":"2024-12-07 22:35:23 +0000"},"done":true},"minecraft:recipes/decorations/black_banner":{"criteria":{"has_black_wool":"2024-12-07 22:35:23 +0000"},"done":true},"minecraft:recipes/redstone/birch_button":{"criteria":{"has_planks":"2024-12-07 22:35:53 +0000"},"done":true},"minecraft:recipes/redstone/birch_door":{"criteria":{"has_planks":"2024-12-07 22:35:53 +0000"},"done":true},"minecraft:recipes/decorations/birch_fence":{"criteria":{"has_planks":"2024-12-07 22:35:53 +0000"},"done":true},"minecraft:recipes/redstone/birch_trapdoor":{"criteria":{"has_planks":"2024-12-07 22:35:53 +0000"},"done":true},"minecraft:recipes/decorations/birch_sign":{"criteria":{"has_planks":"2024-12-07 22:35:53 +0000"},"done":true},"minecraft:recipes/redstone/birch_fence_gate":{"criteria":{"has_planks":"2024-12-07 22:35:53 +0000"},"done":true},"minecraft:recipes/redstone/birch_pressure_plate":{"criteria":{"has_planks":"2024-12-07 22:35:53 +0000"},"done":true},"minecraft:recipes/building_blocks/birch_slab":{"criteria":{"has_planks":"2024-12-07 22:35:53 +0000"},"done":true},"minecraft:recipes/building_blocks/birch_stairs":{"criteria":{"has_planks":"2024-12-07 22:35:53 +0000"},"done":true},"minecraft:recipes/building_blocks/coarse_dirt":{"criteria":{"has_gravel":"2024-12-07 22:36:25 +0000"},"done":true},"minecraft:recipes/food/suspicious_stew_from_poppy":{"criteria":{"has_poppy":"2024-12-07 22:40:21 +0000"},"done":true},"minecraft:recipes/misc/red_dye_from_poppy":{"criteria":{"has_poppy":"2024-12-07 22:40:21 +0000"},"done":true},"minecraft:adventure/sleep_in_bed":{"criteria":{"slept_in_bed":"2024-12-07 22:40:54 +0000"},"done":true},"minecraft:recipes/building_blocks/coal_block":{"criteria":{"has_coal":"2024-12-07 22:41:29 +0000"},"done":true},"minecraft:recipes/building_blocks/dripstone_block":{"criteria":{"has_pointed_dripstone":"2024-12-07 22:43:30 +0000"},"done":true},"minecraft:recipes/decorations/mossy_cobblestone_wall":{"criteria":{"has_mossy_cobblestone":"2024-12-07 22:45:04 +0000"},"done":true},"minecraft:recipes/building_blocks/mossy_cobblestone_slab_from_mossy_cobblestone_stonecutting":{"criteria":{"has_mossy_cobblestone":"2024-12-07 22:45:04 +0000"},"done":true},"minecraft:recipes/building_blocks/mossy_cobblestone_stairs_from_mossy_cobblestone_stonecutting":{"criteria":{"has_mossy_cobblestone":"2024-12-07 22:45:04 +0000"},"done":true},"minecraft:recipes/decorations/mossy_cobblestone_wall_from_mossy_cobblestone_stonecutting":{"criteria":{"has_mossy_cobblestone":"2024-12-07 22:45:04 +0000"},"done":true},"minecraft:recipes/building_blocks/mossy_cobblestone_slab":{"criteria":{"has_mossy_cobblestone":"2024-12-07 22:45:04 +0000"},"done":true},"minecraft:recipes/building_blocks/mossy_cobblestone_stairs":{"criteria":{"has_mossy_cobblestone":"2024-12-07 22:45:04 +0000"},"done":true},"minecraft:recipes/misc/firework_rocket_simple":{"criteria":{"has_gunpowder":"2024-12-07 22:45:12 +0000"},"done":true},"minecraft:recipes/redstone/tnt":{"criteria":{"has_gunpowder":"2024-12-07 22:45:12 +0000"},"done":true},"minecraft:recipes/food/bread":{"criteria":{"has_wheat":"2024-12-07 22:45:14 +0000"},"done":true},"minecraft:recipes/building_blocks/hay_block":{"criteria":{"has_wheat":"2024-12-07 22:45:14 +0000"},"done":true},"minecraft:recipes/tools/golden_axe":{"criteria":{"has_gold_ingot":"2024-12-07 22:46:30 +0000"},"done":true},"minecraft:recipes/tools/golden_pickaxe":{"criteria":{"has_gold_ingot":"2024-12-07 22:46:30 +0000"},"done":true},"minecraft:recipes/misc/gold_nugget":{"criteria":{"has_gold_ingot":"2024-12-07 22:46:30 +0000"},"done":true},"minecraft:recipes/tools/golden_shovel":{"criteria":{"has_gold_ingot":"2024-12-07 22:46:30 +0000"},"done":true},"minecraft:recipes/food/golden_apple":{"criteria":{"has_gold_ingot":"2024-12-07 22:46:30 +0000"},"done":true},"minecraft:recipes/combat/golden_boots":{"criteria":{"has_gold_ingot":"2024-12-07 22:46:30 +0000"},"done":true},"minecraft:recipes/combat/golden_helmet":{"criteria":{"has_gold_ingot":"2024-12-07 22:46:30 +0000"},"done":true},"minecraft:recipes/combat/golden_sword":{"criteria":{"has_gold_ingot":"2024-12-07 22:46:30 +0000"},"done":true},"minecraft:recipes/building_blocks/gold_block":{"criteria":{"has_gold_ingot":"2024-12-07 22:46:30 +0000"},"done":true},"minecraft:recipes/combat/golden_chestplate":{"criteria":{"has_gold_ingot":"2024-12-07 22:46:30 +0000"},"done":true},"minecraft:recipes/tools/golden_hoe":{"criteria":{"has_gold_ingot":"2024-12-07 22:46:30 +0000"},"done":true},"minecraft:recipes/redstone/light_weighted_pressure_plate":{"criteria":{"has_gold_ingot":"2024-12-07 22:46:30 +0000"},"done":true},"minecraft:recipes/combat/golden_leggings":{"criteria":{"has_gold_ingot":"2024-12-07 22:46:30 +0000"},"done":true},"minecraft:husbandry/plant_seed":{"criteria":{"wheat":"2024-12-07 22:49:09 +0000"},"done":true},"minecraft:recipes/food/cooked_beef_from_smoking":{"criteria":{"has_beef":"2024-12-07 22:49:41 +0000"},"done":true},"minecraft:recipes/food/cooked_beef":{"criteria":{"has_beef":"2024-12-07 22:49:41 +0000"},"done":true},"minecraft:recipes/food/cooked_beef_from_campfire_cooking":{"criteria":{"has_beef":"2024-12-07 22:49:41 +0000"},"done":true},"minecraft:recipes/combat/leather_helmet":{"criteria":{"has_leather":"2024-12-07 22:49:49 +0000"},"done":true},"minecraft:recipes/combat/leather_leggings":{"criteria":{"has_leather":"2024-12-07 22:49:49 +0000"},"done":true},"minecraft:recipes/decorations/item_frame":{"criteria":{"has_leather":"2024-12-07 22:49:49 +0000"},"done":true},"minecraft:recipes/combat/leather_chestplate":{"criteria":{"has_leather":"2024-12-07 22:49:49 +0000"},"done":true},"minecraft:recipes/combat/leather_boots":{"criteria":{"has_leather":"2024-12-07 22:49:49 +0000"},"done":true},"minecraft:recipes/misc/leather_horse_armor":{"criteria":{"has_leather":"2024-12-07 22:49:49 +0000"},"done":true},"minecraft:recipes/building_blocks/spruce_planks":{"criteria":{"has_logs":"2024-12-07 22:52:37 +0000"},"done":true},"minecraft:recipes/food/baked_potato_from_campfire_cooking":{"criteria":{"has_potato":"2024-12-07 22:52:37 +0000"},"done":true},"minecraft:recipes/food/baked_potato_from_smoking":{"criteria":{"has_potato":"2024-12-07 22:52:37 +0000"},"done":true},"minecraft:recipes/food/baked_potato":{"criteria":{"has_potato":"2024-12-07 22:52:37 +0000"},"done":true},"minecraft:recipes/building_blocks/spruce_wood":{"criteria":{"has_log":"2024-12-07 22:52:37 +0000"},"done":true},"minecraft:story/obtain_armor":{"criteria":{"iron_helmet":"2024-12-07 22:55:42 +0000"},"done":true},"minecraft:recipes/tools/flint_and_steel":{"criteria":{"has_obsidian":"2024-12-07 22:55:42 +0000"},"done":true},"minecraft:story/form_obsidian":{"criteria":{"obsidian":"2024-12-07 22:55:42 +0000"},"done":true},"minecraft:recipes/decorations/enchanting_table":{"criteria":{"has_obsidian":"2024-12-07 22:55:42 +0000"},"done":true},"minecraft:recipes/redstone/spruce_button":{"criteria":{"has_planks":"2024-12-07 22:58:51 +0000"},"done":true},"minecraft:recipes/redstone/spruce_pressure_plate":{"criteria":{"has_planks":"2024-12-07 22:58:51 +0000"},"done":true},"minecraft:recipes/decorations/spruce_sign":{"criteria":{"has_planks":"2024-12-07 22:58:51 +0000"},"done":true},"minecraft:recipes/redstone/spruce_trapdoor":{"criteria":{"has_planks":"2024-12-07 22:58:51 +0000"},"done":true},"minecraft:recipes/redstone/spruce_door":{"criteria":{"has_planks":"2024-12-07 22:58:51 +0000"},"done":true},"minecraft:recipes/redstone/spruce_fence_gate":{"criteria":{"has_planks":"2024-12-07 22:58:51 +0000"},"done":true},"minecraft:recipes/decorations/spruce_fence":{"criteria":{"has_planks":"2024-12-07 22:58:51 +0000"},"done":true},"minecraft:recipes/building_blocks/spruce_stairs":{"criteria":{"has_planks":"2024-12-07 22:58:51 +0000"},"done":true},"minecraft:recipes/building_blocks/spruce_slab":{"criteria":{"has_planks":"2024-12-07 22:58:51 +0000"},"done":true},"minecraft:recipes/transportation/dark_oak_chest_boat":{"criteria":{"has_boat":"2024-12-07 22:58:54 +0000"},"done":true},"minecraft:recipes/transportation/bamboo_chest_raft":{"criteria":{"has_boat":"2024-12-07 22:58:54 +0000"},"done":true},"minecraft:recipes/transportation/spruce_chest_boat":{"criteria":{"has_boat":"2024-12-07 22:58:54 +0000"},"done":true},"minecraft:recipes/transportation/jungle_chest_boat":{"criteria":{"has_boat":"2024-12-07 22:58:54 +0000"},"done":true},"minecraft:recipes/transportation/acacia_chest_boat":{"criteria":{"has_boat":"2024-12-07 22:58:54 +0000"},"done":true},"minecraft:recipes/transportation/mangrove_chest_boat":{"criteria":{"has_boat":"2024-12-07 22:58:54 +0000"},"done":true},"minecraft:recipes/transportation/oak_chest_boat":{"criteria":{"has_boat":"2024-12-07 22:58:54 +0000"},"done":true},"minecraft:recipes/transportation/cherry_chest_boat":{"criteria":{"has_boat":"2024-12-07 22:58:54 +0000"},"done":true},"minecraft:recipes/transportation/birch_chest_boat":{"criteria":{"has_boat":"2024-12-07 22:58:54 +0000"},"done":true},"minecraft:recipes/brewing/cauldron":{"criteria":{"has_water_bucket":"2024-12-07 23:19:07 +0000"},"done":true},"minecraft:recipes/decorations/composter":{"criteria":{"has_wood_slab":"2024-12-07 23:22:25 +0000"},"done":true},"minecraft:recipes/decorations/fletching_table":{"criteria":{"has_flint":"2024-12-08 00:17:13 +0000"},"done":true},"minecraft:recipes/combat/arrow":{"criteria":{"has_flint":"2024-12-08 00:17:13 +0000"},"done":true},"minecraft:adventure/trade":{"criteria":{"traded":"2024-12-08 00:23:26 +0000"},"done":true},"minecraft:recipes/transportation/detector_rail":{"criteria":{"has_rail":"2024-12-08 01:34:43 +0000"},"done":true},"minecraft:recipes/misc/gold_ingot_from_smelting_raw_gold":{"criteria":{"has_raw_gold":"2024-12-08 01:23:01 +0000"},"done":true},"minecraft:recipes/misc/emerald":{"criteria":{"has_emerald_block":"2024-12-08 02:08:42 +0000"},"done":true},"minecraft:recipes/building_blocks/waxed_oxidized_cut_copper_stairs_from_waxed_oxidized_cut_copper_stonecutting":{"criteria":{"has_waxed_oxidized_cut_copper":"2024-12-08 02:13:48 +0000"},"done":true},"minecraft:recipes/transportation/chest_minecart":{"criteria":{"has_minecart":"2024-12-08 01:39:32 +0000"},"done":true},"minecraft:recipes/combat/diamond_leggings":{"criteria":{"has_diamond":"2024-12-08 01:22:18 +0000"},"done":true},"minecraft:recipes/building_blocks/red_stained_glass":{"criteria":{"has_glass":"2024-12-08 01:30:12 +0000"},"done":true},"minecraft:recipes/building_blocks/light_blue_stained_glass":{"criteria":{"has_glass":"2024-12-08 01:30:12 +0000"},"done":true},"minecraft:recipes/misc/bolt_armor_trim_smithing_template_smithing_trim":{"criteria":{"has_smithing_trim_template":"2024-12-08 02:16:09 +0000"},"done":true},"minecraft:recipes/brewing/glass_bottle":{"criteria":{"has_glass":"2024-12-08 01:30:12 +0000"},"done":true},"minecraft:recipes/building_blocks/green_stained_glass":{"criteria":{"has_glass":"2024-12-08 01:30:12 +0000"},"done":true},"minecraft:recipes/building_blocks/waxed_oxidized_cut_copper_stairs":{"criteria":{"has_waxed_oxidized_cut_copper":"2024-12-08 02:13:48 +0000"},"done":true},"minecraft:recipes/building_blocks/raw_gold_block":{"criteria":{"has_raw_gold":"2024-12-08 01:23:01 +0000"},"done":true},"minecraft:recipes/misc/wind_charge":{"criteria":{"has_breeze_rod":"2024-12-08 02:15:43 +0000"},"done":true},"minecraft:recipes/building_blocks/brown_stained_glass":{"criteria":{"has_glass":"2024-12-08 01:30:12 +0000"},"done":true},"minecraft:recipes/building_blocks/light_gray_stained_glass":{"criteria":{"has_glass":"2024-12-08 01:30:12 +0000"},"done":true},"minecraft:recipes/misc/gold_nugget_from_smelting":{"criteria":{"has_golden_axe":"2024-12-08 02:14:13 +0000"},"done":true},"minecraft:recipes/transportation/furnace_minecart":{"criteria":{"has_minecart":"2024-12-08 01:39:32 +0000"},"done":true},"minecraft:recipes/transportation/hopper_minecart":{"criteria":{"has_minecart":"2024-12-08 01:39:32 +0000"},"done":true},"minecraft:recipes/combat/diamond_sword":{"criteria":{"has_diamond":"2024-12-08 01:22:18 +0000"},"done":true},"minecraft:recipes/building_blocks/blue_stained_glass":{"criteria":{"has_glass":"2024-12-08 01:30:12 +0000"},"done":true},"minecraft:recipes/decorations/jukebox":{"criteria":{"has_diamond":"2024-12-08 01:22:18 +0000"},"done":true},"minecraft:recipes/combat/diamond_chestplate":{"criteria":{"has_diamond":"2024-12-08 01:22:18 +0000"},"done":true},"minecraft:recipes/building_blocks/waxed_oxidized_cut_copper_slab_from_waxed_oxidized_cut_copper_stonecutting":{"criteria":{"has_waxed_oxidized_cut_copper":"2024-12-08 02:13:48 +0000"},"done":true},"minecraft:recipes/misc/gold_ingot_from_blasting_raw_gold":{"criteria":{"has_raw_gold":"2024-12-08 01:23:01 +0000"},"done":true},"minecraft:recipes/building_blocks/orange_stained_glass":{"criteria":{"has_glass":"2024-12-08 01:30:12 +0000"},"done":true},"minecraft:recipes/combat/diamond_helmet":{"criteria":{"has_diamond":"2024-12-08 01:22:18 +0000"},"done":true},"minecraft:recipes/decorations/snow":{"criteria":{"has_snowball":"2024-12-08 02:03:06 +0000"},"done":true},"minecraft:adventure/salvage_sherd":{"criteria":{"has_sherd":"2024-12-08 02:08:42 +0000"},"done":false},"minecraft:recipes/misc/gold_nugget_from_blasting":{"criteria":{"has_golden_axe":"2024-12-08 02:14:13 +0000"},"done":true},"minecraft:recipes/building_blocks/cyan_stained_glass":{"criteria":{"has_glass":"2024-12-08 01:30:12 +0000"},"done":true},"minecraft:recipes/building_blocks/waxed_oxidized_chiseled_copper_from_waxed_oxidized_cut_copper_stonecutting":{"criteria":{"has_waxed_oxidized_cut_copper":"2024-12-08 02:13:48 +0000"},"done":true},"minecraft:adventure/under_lock_and_key":{"criteria":{"under_lock_and_key":"2024-12-08 02:13:21 +0000"},"done":true},"minecraft:recipes/building_blocks/pink_stained_glass":{"criteria":{"has_glass":"2024-12-08 01:30:12 +0000"},"done":true},"minecraft:recipes/building_blocks/black_stained_glass":{"criteria":{"has_glass":"2024-12-08 01:30:12 +0000"},"done":true},"minecraft:recipes/building_blocks/gray_stained_glass":{"criteria":{"has_glass":"2024-12-08 01:30:12 +0000"},"done":true},"minecraft:recipes/building_blocks/purple_stained_glass":{"criteria":{"has_glass":"2024-12-08 01:30:12 +0000"},"done":true},"minecraft:story/shiny_gear":{"criteria":{"diamond_chestplate":"2024-12-08 01:55:58 +0000"},"done":true},"minecraft:husbandry/wax_off":{"criteria":{"wax_off":"2024-12-08 02:34:18 +0000"},"done":true},"minecraft:recipes/redstone/dispenser":{"criteria":{"has_bow":"2024-12-08 01:34:17 +0000"},"done":true},"minecraft:recipes/redstone/trapped_chest":{"criteria":{"has_tripwire_hook":"2024-12-08 01:00:47 +0000"},"done":true},"minecraft:recipes/misc/brick":{"criteria":{"has_clay_ball":"2024-12-08 01:26:08 +0000"},"done":true},"minecraft:recipes/building_blocks/yellow_stained_glass":{"criteria":{"has_glass":"2024-12-08 01:30:12 +0000"},"done":true},"minecraft:recipes/building_blocks/waxed_oxidized_cut_copper_slab":{"criteria":{"has_waxed_oxidized_cut_copper":"2024-12-08 02:13:48 +0000"},"done":true},"minecraft:recipes/tools/diamond_pickaxe":{"criteria":{"has_diamond":"2024-12-08 01:22:18 +0000"},"done":true},"minecraft:recipes/building_blocks/lime_stained_glass":{"criteria":{"has_glass":"2024-12-08 01:30:12 +0000"},"done":true},"minecraft:recipes/building_blocks/clay":{"criteria":{"has_clay_ball":"2024-12-08 01:26:08 +0000"},"done":true},"minecraft:recipes/misc/sugar_from_honey_bottle":{"criteria":{"has_honey_bottle":"2024-12-08 02:23:54 +0000"},"done":true},"minecraft:recipes/building_blocks/diamond_block":{"criteria":{"has_diamond":"2024-12-08 01:22:18 +0000"},"done":true},"minecraft:recipes/transportation/tnt_minecart":{"criteria":{"has_minecart":"2024-12-08 01:39:32 +0000"},"done":true},"minecraft:recipes/redstone/honey_block":{"criteria":{"has_honey_bottle":"2024-12-08 02:23:54 +0000"},"done":true},"minecraft:recipes/combat/mace":{"criteria":{"has_breeze_rod":"2024-12-08 02:15:43 +0000"},"done":true},"minecraft:recipes/tools/diamond_hoe":{"criteria":{"has_diamond":"2024-12-08 01:22:18 +0000"},"done":true},"minecraft:recipes/transportation/activator_rail":{"criteria":{"has_rail":"2024-12-08 01:34:43 +0000"},"done":true},"minecraft:recipes/tools/diamond_shovel":{"criteria":{"has_diamond":"2024-12-08 01:22:18 +0000"},"done":true},"minecraft:recipes/decorations/glass_pane":{"criteria":{"has_glass":"2024-12-08 01:30:12 +0000"},"done":true},"minecraft:recipes/building_blocks/magenta_stained_glass":{"criteria":{"has_glass":"2024-12-08 01:30:12 +0000"},"done":true},"minecraft:story/mine_diamond":{"criteria":{"diamond":"2024-12-08 01:22:18 +0000"},"done":true},"minecraft:recipes/tools/diamond_axe":{"criteria":{"has_diamond":"2024-12-08 01:22:18 +0000"},"done":true},"minecraft:recipes/building_blocks/white_stained_glass":{"criteria":{"has_glass":"2024-12-08 01:30:12 +0000"},"done":true},"minecraft:recipes/redstone/repeater":{"criteria":{"has_redstone_torch":"2024-12-08 01:39:56 +0000"},"done":true},"minecraft:recipes/misc/bolt_armor_trim_smithing_template":{"criteria":{"has_bolt_armor_trim_smithing_template":"2024-12-08 02:16:09 +0000"},"done":true},"minecraft:recipes/building_blocks/snow_block":{"criteria":{"has_snowball":"2024-12-08 02:03:06 +0000"},"done":true},"minecraft:recipes/transportation/powered_rail":{"criteria":{"has_the_recipe":"2024-12-08 01:33:52 +0000"},"done":true},"minecraft:recipes/transportation/rail":{"criteria":{"has_minecart":"2024-12-08 01:39:32 +0000"},"done":true},"minecraft:recipes/combat/diamond_boots":{"criteria":{"has_diamond":"2024-12-08 01:22:18 +0000"},"done":true},"DataVersion":4082}