{"minecraft:recipes/decorations/crafting_table":{"criteria":{"unlock_right_away":"2024-12-07 23:37:46 +0000"},"done":true},"minecraft:adventure/adventuring_time":{"criteria":{"minecraft:forest":"2024-12-07 23:37:46 +0000","minecraft:taiga":"2024-12-08 00:20:21 +0000","minecraft:river":"2024-12-07 23:43:59 +0000","minecraft:meadow":"2024-12-08 00:26:46 +0000","minecraft:dripstone_caves":"2024-12-07 23:51:45 +0000"},"done":false},"minecraft:recipes/building_blocks/birch_planks":{"criteria":{"has_logs":"2024-12-07 23:38:30 +0000"},"done":true},"minecraft:recipes/misc/charcoal":{"criteria":{"has_log":"2024-12-07 23:38:30 +0000"},"done":true},"minecraft:recipes/building_blocks/birch_wood":{"criteria":{"has_log":"2024-12-07 23:38:30 +0000"},"done":true},"minecraft:recipes/building_blocks/oak_planks":{"criteria":{"has_logs":"2024-12-07 23:38:54 +0000"},"done":true},"minecraft:recipes/building_blocks/oak_wood":{"criteria":{"has_log":"2024-12-07 23:38:54 +0000"},"done":true},"minecraft:adventure/root":{"criteria":{"killed_something":"2024-12-07 23:39:40 +0000"},"done":true},"minecraft:adventure/kill_all_mobs":{"criteria":{"minecraft:skeleton":"2024-12-08 00:51:19 +0000","minecraft:spider":"2024-12-07 23:39:40 +0000","minecraft:zombie":"2024-12-07 23:52:57 +0000","minecraft:creeper":"2024-12-08 01:52:49 +0000"},"done":false},"minecraft:adventure/kill_a_mob":{"criteria":{"minecraft:spider":"2024-12-07 23:39:40 +0000"},"done":true},"minecraft:recipes/combat/bow":{"criteria":{"has_string":"2024-12-07 23:39:41 +0000"},"done":true},"minecraft:recipes/tools/fishing_rod":{"criteria":{"has_string":"2024-12-07 23:39:41 +0000"},"done":true},"minecraft:recipes/building_blocks/white_wool_from_string":{"criteria":{"has_string":"2024-12-07 23:39:41 +0000"},"done":true},"minecraft:recipes/redstone/tripwire_hook":{"criteria":{"has_string":"2024-12-07 23:39:41 +0000"},"done":true},"minecraft:recipes/combat/crossbow":{"criteria":{"has_string":"2024-12-07 23:39:41 +0000"},"done":true},"minecraft:recipes/decorations/candle":{"criteria":{"has_string":"2024-12-07 23:39:41 +0000"},"done":true},"minecraft:recipes/decorations/loom":{"criteria":{"has_string":"2024-12-07 23:39:41 +0000"},"done":true},"minecraft:recipes/tools/bundle":{"criteria":{"has_string":"2024-12-07 23:39:41 +0000"},"done":true},"minecraft:recipes/food/cooked_mutton_from_smoking":{"criteria":{"has_mutton":"2024-12-07 23:39:45 +0000"},"done":true},"minecraft:recipes/food/cooked_mutton":{"criteria":{"has_mutton":"2024-12-07 23:39:45 +0000"},"done":true},"minecraft:recipes/decorations/white_banner":{"criteria":{"has_white_wool":"2024-12-07 23:39:45 +0000"},"done":true},"minecraft:recipes/decorations/painting":{"criteria":{"has_wool":"2024-12-07 23:39:45 +0000"},"done":true},"minecraft:recipes/food/cooked_mutton_from_campfire_cooking":{"criteria":{"has_mutton":"2024-12-07 23:39:45 +0000"},"done":true},"minecraft:recipes/decorations/white_bed":{"criteria":{"has_white_wool":"2024-12-07 23:39:45 +0000"},"done":true},"minecraft:recipes/decorations/white_carpet":{"criteria":{"has_white_wool":"2024-12-07 23:39:45 +0000"},"done":true},"minecraft:story/root":{"criteria":{"crafting_table":"2024-12-07 23:40:26 +0000"},"done":true},"minecraft:recipes/misc/stick":{"criteria":{"has_the_recipe":"2024-12-07 23:40:29 +0000"},"done":true},"minecraft:recipes/decorations/ladder":{"criteria":{"has_stick":"2024-12-07 23:40:31 +0000"},"done":true},"minecraft:recipes/building_blocks/oak_slab":{"criteria":{"has_planks":"2024-12-07 23:40:31 +0000"},"done":true},"minecraft:recipes/decorations/oak_sign":{"criteria":{"has_planks":"2024-12-07 23:40:31 +0000"},"done":true},"minecraft:recipes/redstone/oak_trapdoor":{"criteria":{"has_planks":"2024-12-07 23:40:31 +0000"},"done":true},"minecraft:recipes/decorations/campfire":{"criteria":{"has_stick":"2024-12-07 23:40:31 +0000"},"done":true},"minecraft:recipes/tools/wooden_hoe":{"criteria":{"has_stick":"2024-12-07 23:40:31 +0000"},"done":true},"minecraft:recipes/redstone/oak_fence_gate":{"criteria":{"has_planks":"2024-12-07 23:40:31 +0000"},"done":true},"minecraft:recipes/tools/wooden_pickaxe":{"criteria":{"has_stick":"2024-12-07 23:40:31 +0000"},"done":true},"minecraft:recipes/tools/wooden_axe":{"criteria":{"has_stick":"2024-12-07 23:40:31 +0000"},"done":true},"minecraft:recipes/redstone/oak_pressure_plate":{"criteria":{"has_planks":"2024-12-07 23:40:31 +0000"},"done":true},"minecraft:recipes/redstone/oak_door":{"criteria":{"has_planks":"2024-12-07 23:40:31 +0000"},"done":true},"minecraft:recipes/tools/wooden_shovel":{"criteria":{"has_stick":"2024-12-07 23:40:31 +0000"},"done":true},"minecraft:recipes/building_blocks/oak_stairs":{"criteria":{"has_planks":"2024-12-07 23:40:31 +0000"},"done":true},"minecraft:recipes/decorations/oak_fence":{"criteria":{"has_planks":"2024-12-07 23:40:31 +0000"},"done":true},"minecraft:recipes/combat/wooden_sword":{"criteria":{"has_stick":"2024-12-07 23:40:31 +0000"},"done":true},"minecraft:recipes/decorations/barrel":{"criteria":{"has_planks":"2024-12-07 23:40:31 +0000"},"done":true},"minecraft:recipes/redstone/oak_button":{"criteria":{"has_planks":"2024-12-07 23:40:31 +0000"},"done":true},"minecraft:recipes/decorations/composter":{"criteria":{"has_wood_slab":"2024-12-07 23:40:41 +0000"},"done":true},"minecraft:recipes/redstone/lever":{"criteria":{"has_cobblestone":"2024-12-07 23:40:57 +0000"},"done":true},"minecraft:recipes/combat/stone_sword":{"criteria":{"has_cobblestone":"2024-12-07 23:40:57 +0000"},"done":true},"minecraft:recipes/decorations/cobblestone_wall":{"criteria":{"has_cobblestone":"2024-12-07 23:40:57 +0000"},"done":true},"minecraft:recipes/tools/stone_pickaxe":{"criteria":{"has_cobblestone":"2024-12-07 23:40:57 +0000"},"done":true},"minecraft:recipes/tools/stone_axe":{"criteria":{"has_cobblestone":"2024-12-07 23:40:57 +0000"},"done":true},"minecraft:story/mine_stone":{"criteria":{"get_stone":"2024-12-07 23:40:57 +0000"},"done":true},"minecraft:recipes/decorations/furnace":{"criteria":{"has_cobblestone":"2024-12-07 23:40:57 +0000"},"done":true},"minecraft:recipes/decorations/chest":{"criteria":{"has_lots_of_items":"2024-12-07 23:40:57 +0000"},"done":true},"minecraft:recipes/building_blocks/cobblestone_slab":{"criteria":{"has_cobblestone":"2024-12-07 23:40:57 +0000"},"done":true},"minecraft:recipes/building_blocks/cobblestone_slab_from_cobblestone_stonecutting":{"criteria":{"has_cobblestone":"2024-12-07 23:40:57 +0000"},"done":true},"minecraft:recipes/building_blocks/stone":{"criteria":{"has_cobblestone":"2024-12-07 23:40:57 +0000"},"done":true},"minecraft:recipes/decorations/cobblestone_wall_from_cobblestone_stonecutting":{"criteria":{"has_cobblestone":"2024-12-07 23:40:57 +0000"},"done":true},"minecraft:recipes/building_blocks/cobblestone_stairs_from_cobblestone_stonecutting":{"criteria":{"has_cobblestone":"2024-12-07 23:40:57 +0000"},"done":true},"minecraft:recipes/building_blocks/cobblestone_stairs":{"criteria":{"has_cobblestone":"2024-12-07 23:40:57 +0000"},"done":true},"minecraft:recipes/tools/stone_hoe":{"criteria":{"has_cobblestone":"2024-12-07 23:40:57 +0000"},"done":true},"minecraft:recipes/tools/stone_shovel":{"criteria":{"has_cobblestone":"2024-12-07 23:40:57 +0000"},"done":true},"minecraft:recipes/decorations/torch":{"criteria":{"has_stone_pickaxe":"2024-12-07 23:41:48 +0000"},"done":true},"minecraft:story/upgrade_tools":{"criteria":{"stone_pickaxe":"2024-12-07 23:41:48 +0000"},"done":true},"minecraft:recipes/decorations/smoker":{"criteria":{"has_furnace":"2024-12-07 23:41:55 +0000"},"done":true},"minecraft:husbandry/balanced_diet":{"criteria":{"cooked_porkchop":"2024-12-07 23:46:19 +0000","apple":"2024-12-08 00:02:15 +0000","bread":"2024-12-08 01:05:36 +0000","rotten_flesh":"2024-12-08 00:09:35 +0000","cooked_mutton":"2024-12-07 23:42:43 +0000","salmon":"2024-12-08 00:59:53 +0000","beef":"2024-12-07 23:57:20 +0000"},"done":false},"minecraft:husbandry/root":{"criteria":{"consumed_item":"2024-12-07 23:42:43 +0000"},"done":true},"minecraft:recipes/food/cooked_porkchop":{"criteria":{"has_porkchop":"2024-12-07 23:43:56 +0000"},"done":true},"minecraft:recipes/food/cooked_porkchop_from_campfire_cooking":{"criteria":{"has_porkchop":"2024-12-07 23:43:56 +0000"},"done":true},"minecraft:recipes/food/cooked_porkchop_from_smoking":{"criteria":{"has_porkchop":"2024-12-07 23:43:56 +0000"},"done":true},"minecraft:recipes/transportation/mangrove_boat":{"criteria":{"in_water":"2024-12-07 23:44:00 +0000"},"done":true},"minecraft:recipes/transportation/acacia_boat":{"criteria":{"in_water":"2024-12-07 23:44:00 +0000"},"done":true},"minecraft:recipes/transportation/cherry_boat":{"criteria":{"in_water":"2024-12-07 23:44:00 +0000"},"done":true},"minecraft:recipes/transportation/bamboo_raft":{"criteria":{"in_water":"2024-12-07 23:44:00 +0000"},"done":true},"minecraft:recipes/transportation/spruce_boat":{"criteria":{"in_water":"2024-12-07 23:44:00 +0000"},"done":true},"minecraft:recipes/transportation/birch_boat":{"criteria":{"in_water":"2024-12-07 23:44:00 +0000"},"done":true},"minecraft:recipes/transportation/oak_boat":{"criteria":{"in_water":"2024-12-07 23:44:00 +0000"},"done":true},"minecraft:recipes/transportation/jungle_boat":{"criteria":{"in_water":"2024-12-07 23:44:00 +0000"},"done":true},"minecraft:recipes/transportation/dark_oak_boat":{"criteria":{"in_water":"2024-12-07 23:44:00 +0000"},"done":true},"minecraft:recipes/misc/red_dye_from_rose_bush":{"criteria":{"has_rose_bush":"2024-12-07 23:44:55 +0000"},"done":true},"minecraft:recipes/building_blocks/lime_concrete_powder":{"criteria":{"has_gravel":"2024-12-07 23:45:39 +0000"},"done":true},"minecraft:recipes/building_blocks/coarse_dirt":{"criteria":{"has_gravel":"2024-12-07 23:45:39 +0000"},"done":true},"minecraft:recipes/building_blocks/light_gray_concrete_powder":{"criteria":{"has_gravel":"2024-12-07 23:45:39 +0000"},"done":true},"minecraft:recipes/building_blocks/pink_concrete_powder":{"criteria":{"has_gravel":"2024-12-07 23:45:39 +0000"},"done":true},"minecraft:recipes/building_blocks/orange_concrete_powder":{"criteria":{"has_gravel":"2024-12-07 23:45:39 +0000"},"done":true},"minecraft:recipes/building_blocks/red_concrete_powder":{"criteria":{"has_gravel":"2024-12-07 23:45:39 +0000"},"done":true},"minecraft:recipes/building_blocks/magenta_concrete_powder":{"criteria":{"has_gravel":"2024-12-07 23:45:39 +0000"},"done":true},"minecraft:recipes/building_blocks/brown_concrete_powder":{"criteria":{"has_gravel":"2024-12-07 23:45:39 +0000"},"done":true},"minecraft:recipes/building_blocks/light_blue_concrete_powder":{"criteria":{"has_gravel":"2024-12-07 23:45:39 +0000"},"done":true},"minecraft:recipes/building_blocks/green_concrete_powder":{"criteria":{"has_gravel":"2024-12-07 23:45:39 +0000"},"done":true},"minecraft:recipes/building_blocks/blue_concrete_powder":{"criteria":{"has_gravel":"2024-12-07 23:45:39 +0000"},"done":true},"minecraft:recipes/building_blocks/yellow_concrete_powder":{"criteria":{"has_gravel":"2024-12-07 23:45:39 +0000"},"done":true},"minecraft:recipes/building_blocks/white_concrete_powder":{"criteria":{"has_gravel":"2024-12-07 23:45:39 +0000"},"done":true},"minecraft:recipes/building_blocks/gray_concrete_powder":{"criteria":{"has_gravel":"2024-12-07 23:45:39 +0000"},"done":true},"minecraft:recipes/building_blocks/black_concrete_powder":{"criteria":{"has_gravel":"2024-12-07 23:45:39 +0000"},"done":true},"minecraft:recipes/building_blocks/purple_concrete_powder":{"criteria":{"has_gravel":"2024-12-07 23:45:39 +0000"},"done":true},"minecraft:recipes/building_blocks/cyan_concrete_powder":{"criteria":{"has_gravel":"2024-12-07 23:45:39 +0000"},"done":true},"minecraft:recipes/decorations/fletching_table":{"criteria":{"has_flint":"2024-12-07 23:46:05 +0000"},"done":true},"minecraft:recipes/tools/flint_and_steel":{"criteria":{"has_flint":"2024-12-07 23:46:05 +0000"},"done":true},"minecraft:recipes/combat/arrow":{"criteria":{"has_flint":"2024-12-07 23:46:05 +0000"},"done":true},"minecraft:recipes/building_blocks/coal_block":{"criteria":{"has_coal":"2024-12-07 23:46:54 +0000"},"done":true},"minecraft:recipes/food/cooked_chicken_from_campfire_cooking":{"criteria":{"has_chicken":"2024-12-07 23:48:15 +0000"},"done":true},"minecraft:recipes/food/cooked_chicken":{"criteria":{"has_chicken":"2024-12-07 23:48:15 +0000"},"done":true},"minecraft:recipes/food/cooked_chicken_from_smoking":{"criteria":{"has_chicken":"2024-12-07 23:48:15 +0000"},"done":true},"minecraft:recipes/combat/leather_helmet":{"criteria":{"has_leather":"2024-12-07 23:49:47 +0000"},"done":true},"minecraft:recipes/combat/leather_leggings":{"criteria":{"has_leather":"2024-12-07 23:49:47 +0000"},"done":true},"minecraft:recipes/food/cooked_beef_from_smoking":{"criteria":{"has_beef":"2024-12-07 23:49:47 +0000"},"done":true},"minecraft:recipes/decorations/item_frame":{"criteria":{"has_leather":"2024-12-07 23:49:47 +0000"},"done":true},"minecraft:recipes/combat/leather_chestplate":{"criteria":{"has_leather":"2024-12-07 23:49:47 +0000"},"done":true},"minecraft:recipes/combat/leather_boots":{"criteria":{"has_leather":"2024-12-07 23:49:47 +0000"},"done":true},"minecraft:recipes/misc/leather_horse_armor":{"criteria":{"has_leather":"2024-12-07 23:49:47 +0000"},"done":true},"minecraft:recipes/food/cooked_beef":{"criteria":{"has_beef":"2024-12-07 23:49:47 +0000"},"done":true},"minecraft:recipes/food/cooked_beef_from_campfire_cooking":{"criteria":{"has_beef":"2024-12-07 23:49:47 +0000"},"done":true},"minecraft:adventure/sleep_in_bed":{"criteria":{"slept_in_bed":"2024-12-07 23:50:19 +0000"},"done":true},"minecraft:recipes/misc/magenta_dye_from_lilac":{"criteria":{"has_lilac":"2024-12-07 23:56:10 +0000"},"done":true},"minecraft:recipes/misc/pink_dye_from_peony":{"criteria":{"has_peony":"2024-12-07 23:56:33 +0000"},"done":true},"minecraft:recipes/misc/iron_ingot_from_smelting_raw_iron":{"criteria":{"has_raw_iron":"2024-12-08 00:01:54 +0000"},"done":true},"minecraft:recipes/building_blocks/raw_iron_block":{"criteria":{"has_raw_iron":"2024-12-08 00:01:54 +0000"},"done":true},"minecraft:recipes/misc/iron_ingot_from_blasting_raw_iron":{"criteria":{"has_raw_iron":"2024-12-08 00:01:54 +0000"},"done":true},"minecraft:recipes/combat/iron_sword":{"criteria":{"has_iron_ingot":"2024-12-08 00:02:30 +0000"},"done":true},"minecraft:recipes/tools/iron_pickaxe":{"criteria":{"has_iron_ingot":"2024-12-08 00:02:30 +0000"},"done":true},"minecraft:recipes/combat/iron_leggings":{"criteria":{"has_iron_ingot":"2024-12-08 00:02:30 +0000"},"done":true},"minecraft:recipes/combat/shield":{"criteria":{"has_iron_ingot":"2024-12-08 00:02:30 +0000"},"done":true},"minecraft:recipes/redstone/hopper":{"criteria":{"has_iron_ingot":"2024-12-08 00:02:30 +0000"},"done":true},"minecraft:recipes/decorations/iron_bars":{"criteria":{"has_iron_ingot":"2024-12-08 00:02:30 +0000"},"done":true},"minecraft:recipes/combat/iron_boots":{"criteria":{"has_iron_ingot":"2024-12-08 00:02:30 +0000"},"done":true},"minecraft:recipes/combat/iron_chestplate":{"criteria":{"has_iron_ingot":"2024-12-08 00:02:30 +0000"},"done":true},"minecraft:recipes/decorations/lantern":{"criteria":{"has_iron_ingot":"2024-12-08 00:02:30 +0000"},"done":true},"minecraft:recipes/misc/iron_nugget":{"criteria":{"has_iron_ingot":"2024-12-08 00:02:30 +0000"},"done":true},"minecraft:recipes/misc/bucket":{"criteria":{"has_iron_ingot":"2024-12-08 00:02:30 +0000"},"done":true},"minecraft:recipes/combat/iron_helmet":{"criteria":{"has_iron_ingot":"2024-12-08 00:02:30 +0000"},"done":true},"minecraft:recipes/transportation/minecart":{"criteria":{"has_iron_ingot":"2024-12-08 00:02:30 +0000"},"done":true},"minecraft:recipes/tools/iron_hoe":{"criteria":{"has_iron_ingot":"2024-12-08 00:02:30 +0000"},"done":true},"minecraft:recipes/tools/iron_shovel":{"criteria":{"has_iron_ingot":"2024-12-08 00:02:30 +0000"},"done":true},"minecraft:story/smelt_iron":{"criteria":{"iron":"2024-12-08 00:02:30 +0000"},"done":true},"minecraft:recipes/tools/shears":{"criteria":{"has_iron_ingot":"2024-12-08 00:02:30 +0000"},"done":true},"minecraft:recipes/redstone/iron_trapdoor":{"criteria":{"has_iron_ingot":"2024-12-08 00:02:30 +0000"},"done":true},"minecraft:recipes/decorations/chain":{"criteria":{"has_iron_ingot":"2024-12-08 00:02:30 +0000"},"done":true},"minecraft:recipes/building_blocks/iron_block":{"criteria":{"has_iron_ingot":"2024-12-08 00:02:30 +0000"},"done":true},"minecraft:recipes/tools/iron_axe":{"criteria":{"has_iron_ingot":"2024-12-08 00:02:30 +0000"},"done":true},"minecraft:recipes/decorations/smithing_table":{"criteria":{"has_iron_ingot":"2024-12-08 00:02:30 +0000"},"done":true},"minecraft:recipes/redstone/iron_door":{"criteria":{"has_iron_ingot":"2024-12-08 00:02:30 +0000"},"done":true},"minecraft:recipes/redstone/heavy_weighted_pressure_plate":{"criteria":{"has_iron_ingot":"2024-12-08 00:02:30 +0000"},"done":true},"minecraft:recipes/building_blocks/dripstone_block":{"criteria":{"has_pointed_dripstone":"2024-12-08 00:05:49 +0000"},"done":true},"minecraft:recipes/building_blocks/diorite_stairs_from_diorite_stonecutting":{"criteria":{"has_diorite":"2024-12-08 00:10:42 +0000"},"done":true},"minecraft:recipes/building_blocks/polished_diorite":{"criteria":{"has_diorite":"2024-12-08 00:10:42 +0000"},"done":true},"minecraft:recipes/building_blocks/diorite_slab":{"criteria":{"has_diorite":"2024-12-08 00:10:42 +0000"},"done":true},"minecraft:recipes/decorations/diorite_wall_from_diorite_stonecutting":{"criteria":{"has_diorite":"2024-12-08 00:10:42 +0000"},"done":true},"minecraft:recipes/building_blocks/andesite":{"criteria":{"has_stone":"2024-12-08 00:10:42 +0000"},"done":true},"minecraft:recipes/building_blocks/polished_diorite_from_diorite_stonecutting":{"criteria":{"has_diorite":"2024-12-08 00:10:42 +0000"},"done":true},"minecraft:recipes/decorations/diorite_wall":{"criteria":{"has_diorite":"2024-12-08 00:10:42 +0000"},"done":true},"minecraft:recipes/building_blocks/diorite_slab_from_diorite_stonecutting":{"criteria":{"has_diorite":"2024-12-08 00:10:42 +0000"},"done":true},"minecraft:recipes/building_blocks/polished_diorite_slab_from_diorite_stonecutting":{"criteria":{"has_diorite":"2024-12-08 00:10:42 +0000"},"done":true},"minecraft:recipes/building_blocks/polished_diorite_stairs_from_diorite_stonecutting":{"criteria":{"has_diorite":"2024-12-08 00:10:42 +0000"},"done":true},"minecraft:recipes/building_blocks/diorite_stairs":{"criteria":{"has_diorite":"2024-12-08 00:10:42 +0000"},"done":true},"minecraft:story/deflect_arrow":{"criteria":{"deflected_projectile":"2024-12-08 00:11:32 +0000"},"done":true},"minecraft:recipes/misc/bone_meal":{"criteria":{"has_bone":"2024-12-08 00:11:45 +0000"},"done":true},"minecraft:husbandry/bred_all_animals":{"criteria":{"minecraft:chicken":"2024-12-08 00:12:31 +0000"},"done":false},"minecraft:husbandry/breed_an_animal":{"criteria":{"bred":"2024-12-08 00:12:31 +0000"},"done":true},"minecraft:recipes/food/cake":{"criteria":{"has_egg":"2024-12-08 00:14:04 +0000"},"done":true},"minecraft:recipes/misc/copper_ingot_from_blasting_raw_copper":{"criteria":{"has_raw_copper":"2024-12-08 00:15:50 +0000"},"done":true},"minecraft:recipes/building_blocks/raw_copper_block":{"criteria":{"has_raw_copper":"2024-12-08 00:15:50 +0000"},"done":true},"minecraft:recipes/misc/copper_ingot_from_smelting_raw_copper":{"criteria":{"has_raw_copper":"2024-12-08 00:15:50 +0000"},"done":true},"minecraft:recipes/food/cooked_salmon_from_smoking":{"criteria":{"has_salmon":"2024-12-08 00:18:30 +0000"},"done":true},"minecraft:recipes/food/cooked_salmon_from_campfire_cooking":{"criteria":{"has_salmon":"2024-12-08 00:18:30 +0000"},"done":true},"minecraft:recipes/food/cooked_salmon":{"criteria":{"has_salmon":"2024-12-08 00:18:30 +0000"},"done":true},"minecraft:recipes/food/baked_potato_from_campfire_cooking":{"criteria":{"has_potato":"2024-12-08 00:21:14 +0000"},"done":true},"minecraft:recipes/food/baked_potato_from_smoking":{"criteria":{"has_potato":"2024-12-08 00:21:14 +0000"},"done":true},"minecraft:recipes/food/baked_potato":{"criteria":{"has_potato":"2024-12-08 00:21:14 +0000"},"done":true},"minecraft:recipes/food/bread":{"criteria":{"has_wheat":"2024-12-08 00:23:32 +0000"},"done":true},"minecraft:recipes/building_blocks/hay_block":{"criteria":{"has_wheat":"2024-12-08 00:23:32 +0000"},"done":true},"minecraft:story/obtain_armor":{"criteria":{"iron_helmet":"2024-12-08 00:29:15 +0000"},"done":true},"minecraft:recipes/misc/iron_nugget_from_smelting":{"criteria":{"has_iron_helmet":"2024-12-08 00:29:15 +0000"},"done":true},"minecraft:recipes/misc/iron_nugget_from_blasting":{"criteria":{"has_iron_helmet":"2024-12-08 00:29:15 +0000"},"done":true},"minecraft:husbandry/tame_an_animal":{"criteria":{"tamed_animal":"2024-12-08 00:29:34 +0000"},"done":true},"minecraft:husbandry/complete_catalogue":{"criteria":{"minecraft:persian":"2024-12-08 00:29:34 +0000"},"done":false},"minecraft:recipes/tools/magenta_bundle":{"criteria":{"has_magenta_dye":"2024-12-08 00:29:41 +0000"},"done":true},"minecraft:recipes/building_blocks/dye_magenta_bed":{"criteria":{"has_needed_dye":"2024-12-08 00:29:41 +0000"},"done":true},"minecraft:recipes/building_blocks/dye_magenta_wool":{"criteria":{"has_needed_dye":"2024-12-08 00:29:41 +0000"},"done":true},"minecraft:recipes/building_blocks/dye_magenta_carpet":{"criteria":{"has_needed_dye":"2024-12-08 00:29:41 +0000"},"done":true},"minecraft:recipes/decorations/magenta_stained_glass_pane_from_glass_pane":{"criteria":{"has_magenta_dye":"2024-12-08 00:29:41 +0000"},"done":true},"minecraft:recipes/decorations/magenta_candle":{"criteria":{"has_magenta_dye":"2024-12-08 00:29:41 +0000"},"done":true},"minecraft:recipes/food/suspicious_stew_from_cornflower":{"criteria":{"has_cornflower":"2024-12-08 00:30:11 +0000"},"done":true},"minecraft:recipes/misc/blue_dye_from_cornflower":{"criteria":{"has_cornflower":"2024-12-08 00:30:11 +0000"},"done":true},"minecraft:recipes/building_blocks/emerald_block":{"criteria":{"has_emerald":"2024-12-08 00:37:34 +0000"},"done":true},"minecraft:adventure/trade":{"criteria":{"traded":"2024-12-08 00:41:57 +0000"},"done":true},"minecraft:recipes/misc/white_dye":{"criteria":{"has_bone_meal":"2024-12-08 00:44:27 +0000"},"done":true},"minecraft:recipes/building_blocks/bone_block":{"criteria":{"has_bone_meal":"2024-12-08 00:44:27 +0000"},"done":true},"minecraft:recipes/building_blocks/stone_bricks":{"criteria":{"has_stone":"2024-12-08 01:22:35 +0000"},"done":true},"minecraft:recipes/building_blocks/stone_brick_slab_from_stone_stonecutting":{"criteria":{"has_stone":"2024-12-08 01:22:35 +0000"},"done":true},"minecraft:recipes/misc/flower_banner_pattern":{"criteria":{"has_oxeye_daisy":"2024-12-08 01:46:21 +0000"},"done":true},"minecraft:recipes/transportation/detector_rail":{"criteria":{"has_rail":"2024-12-08 02:05:38 +0000"},"done":true},"minecraft:recipes/transportation/chest_minecart":{"criteria":{"has_minecart":"2024-12-08 02:11:22 +0000"},"done":true},"minecraft:recipes/combat/diamond_leggings":{"criteria":{"has_diamond":"2024-12-08 01:38:58 +0000"},"done":true},"minecraft:recipes/building_blocks/stone_brick_stairs_from_stone_stonecutting":{"criteria":{"has_stone":"2024-12-08 01:22:35 +0000"},"done":true},"minecraft:recipes/decorations/stone_brick_wall":{"criteria":{"has_stone_bricks":"2024-12-08 01:23:16 +0000"},"done":true},"minecraft:recipes/building_blocks/granite_stairs":{"criteria":{"has_granite":"2024-12-08 01:18:26 +0000"},"done":true},"minecraft:story/iron_tools":{"criteria":{"iron_pickaxe":"2024-12-08 01:18:48 +0000"},"done":true},"minecraft:recipes/building_blocks/granite_stairs_from_granite_stonecutting":{"criteria":{"has_granite":"2024-12-08 01:18:26 +0000"},"done":true},"minecraft:recipes/transportation/furnace_minecart":{"criteria":{"has_minecart":"2024-12-08 02:11:22 +0000"},"done":true},"minecraft:recipes/building_blocks/stone_brick_slab_from_stone_bricks_stonecutting":{"criteria":{"has_stone_bricks":"2024-12-08 01:23:16 +0000"},"done":true},"minecraft:recipes/transportation/hopper_minecart":{"criteria":{"has_minecart":"2024-12-08 02:11:22 +0000"},"done":true},"minecraft:recipes/building_blocks/stone_slab_from_stone_stonecutting":{"criteria":{"has_stone":"2024-12-08 01:22:35 +0000"},"done":true},"minecraft:recipes/combat/diamond_sword":{"criteria":{"has_diamond":"2024-12-08 01:38:58 +0000"},"done":true},"minecraft:recipes/decorations/jukebox":{"criteria":{"has_diamond":"2024-12-08 01:38:58 +0000"},"done":true},"minecraft:recipes/building_blocks/cracked_stone_bricks":{"criteria":{"has_stone_bricks":"2024-12-08 01:23:16 +0000"},"done":true},"minecraft:recipes/building_blocks/stone_brick_stairs_from_stone_bricks_stonecutting":{"criteria":{"has_stone_bricks":"2024-12-08 01:23:16 +0000"},"done":true},"minecraft:recipes/decorations/granite_wall":{"criteria":{"has_granite":"2024-12-08 01:18:26 +0000"},"done":true},"minecraft:recipes/combat/diamond_chestplate":{"criteria":{"has_diamond":"2024-12-08 01:38:58 +0000"},"done":true},"minecraft:recipes/building_blocks/stone_brick_slab":{"criteria":{"has_stone_bricks":"2024-12-08 01:23:16 +0000"},"done":true},"minecraft:recipes/building_blocks/polished_granite_slab_from_granite_stonecutting":{"criteria":{"has_granite":"2024-12-08 01:18:26 +0000"},"done":true},"minecraft:recipes/combat/diamond_helmet":{"criteria":{"has_diamond":"2024-12-08 01:38:58 +0000"},"done":true},"minecraft:recipes/building_blocks/stone_brick_stairs":{"criteria":{"has_stone_bricks":"2024-12-08 01:23:16 +0000"},"done":true},"minecraft:recipes/building_blocks/stone_bricks_from_stone_stonecutting":{"criteria":{"has_stone":"2024-12-08 01:22:35 +0000"},"done":true},"minecraft:recipes/building_blocks/chiseled_stone_bricks_from_stone_bricks_stonecutting":{"criteria":{"has_stone_bricks":"2024-12-08 01:23:16 +0000"},"done":true},"minecraft:recipes/building_blocks/stone_slab":{"criteria":{"has_stone":"2024-12-08 01:22:35 +0000"},"done":true},"minecraft:recipes/building_blocks/granite_slab_from_granite_stonecutting":{"criteria":{"has_granite":"2024-12-08 01:18:26 +0000"},"done":true},"minecraft:recipes/building_blocks/polished_granite":{"criteria":{"has_granite":"2024-12-08 01:18:26 +0000"},"done":true},"minecraft:recipes/building_blocks/chiseled_stone_bricks":{"criteria":{"has_tag":"2024-12-08 01:23:16 +0000"},"done":true},"minecraft:recipes/building_blocks/chiseled_stone_bricks_stone_from_stonecutting":{"criteria":{"has_stone":"2024-12-08 01:22:35 +0000"},"done":true},"minecraft:recipes/redstone/dispenser":{"criteria":{"has_bow":"2024-12-08 00:59:22 +0000"},"done":true},"minecraft:recipes/building_blocks/stone_stairs_from_stone_stonecutting":{"criteria":{"has_stone":"2024-12-08 01:22:35 +0000"},"done":true},"minecraft:recipes/food/suspicious_stew_from_poppy":{"criteria":{"has_poppy":"2024-12-08 01:48:45 +0000"},"done":true},"minecraft:recipes/tools/diamond_pickaxe":{"criteria":{"has_diamond":"2024-12-08 01:38:58 +0000"},"done":true},"minecraft:recipes/decorations/granite_wall_from_granite_stonecutting":{"criteria":{"has_granite":"2024-12-08 01:18:26 +0000"},"done":true},"minecraft:recipes/misc/red_dye_from_poppy":{"criteria":{"has_poppy":"2024-12-08 01:48:45 +0000"},"done":true},"minecraft:recipes/redstone/stone_button":{"criteria":{"has_stone":"2024-12-08 01:22:35 +0000"},"done":true},"minecraft:recipes/decorations/stonecutter":{"criteria":{"has_stone":"2024-12-08 01:22:35 +0000"},"done":true},"minecraft:recipes/redstone/stone_pressure_plate":{"criteria":{"has_stone":"2024-12-08 01:22:35 +0000"},"done":true},"minecraft:recipes/building_blocks/diamond_block":{"criteria":{"has_diamond":"2024-12-08 01:38:58 +0000"},"done":true},"minecraft:recipes/transportation/tnt_minecart":{"criteria":{"has_minecart":"2024-12-08 02:11:22 +0000"},"done":true},"minecraft:recipes/misc/light_gray_dye_from_oxeye_daisy":{"criteria":{"has_oxeye_daisy":"2024-12-08 01:46:21 +0000"},"done":true},"minecraft:recipes/building_blocks/smooth_stone":{"criteria":{"has_stone":"2024-12-08 01:22:35 +0000"},"done":true},"minecraft:recipes/building_blocks/polished_granite_from_granite_stonecutting":{"criteria":{"has_granite":"2024-12-08 01:18:26 +0000"},"done":true},"minecraft:recipes/tools/diamond_hoe":{"criteria":{"has_diamond":"2024-12-08 01:38:58 +0000"},"done":true},"minecraft:recipes/transportation/activator_rail":{"criteria":{"has_rail":"2024-12-08 02:05:38 +0000"},"done":true},"minecraft:recipes/tools/diamond_shovel":{"criteria":{"has_diamond":"2024-12-08 01:38:58 +0000"},"done":true},"minecraft:recipes/building_blocks/granite_slab":{"criteria":{"has_granite":"2024-12-08 01:18:26 +0000"},"done":true},"minecraft:story/mine_diamond":{"criteria":{"diamond":"2024-12-08 01:38:58 +0000"},"done":true},"minecraft:recipes/building_blocks/polished_granite_stairs_from_granite_stonecutting":{"criteria":{"has_granite":"2024-12-08 01:18:26 +0000"},"done":true},"minecraft:recipes/tools/diamond_axe":{"criteria":{"has_diamond":"2024-12-08 01:38:58 +0000"},"done":true},"minecraft:recipes/decorations/stone_brick_wall_from_stone_bricks_stonecutting":{"criteria":{"has_stone_bricks":"2024-12-08 01:23:16 +0000"},"done":true},"minecraft:recipes/food/suspicious_stew_from_oxeye_daisy":{"criteria":{"has_oxeye_daisy":"2024-12-08 01:46:21 +0000"},"done":true},"minecraft:recipes/transportation/powered_rail":{"criteria":{"has_rail":"2024-12-08 02:05:38 +0000"},"done":true},"minecraft:recipes/decorations/stone_brick_walls_from_stone_stonecutting":{"criteria":{"has_stone":"2024-12-08 01:22:35 +0000"},"done":true},"minecraft:recipes/building_blocks/stone_stairs":{"criteria":{"has_stone":"2024-12-08 01:22:35 +0000"},"done":true},"minecraft:recipes/transportation/rail":{"criteria":{"has_minecart":"2024-12-08 02:11:22 +0000"},"done":true},"minecraft:recipes/combat/diamond_boots":{"criteria":{"has_diamond":"2024-12-08 01:38:58 +0000"},"done":true},"DataVersion":4082}